{
  "dueling": {
    "variant": "dueling",
    "name": "Dueling DQN",
    "best_reward": -9938.439202356338,
    "best_params": {
      "learning_rate": 0.0007746859494512188,
      "target_update_interval": 500,
      "batch_size": 64,
      "exploration_fraction": 0.4595670006588379,
      "exploration_initial_eps": 0.8167358365079543,
      "exploration_final_eps": 0.0995978490043962,
      "net_arch": [
        256,
        512,
        256
      ],
      "gamma": 0.9502843111169749,
      "learning_starts": 5000,
      "train_freq": 4,
      "gradient_steps": 1,
      "buffer_size": 1000000
    },
    "n_trials": 15,
    "n_complete": 12,
    "n_pruned": 3,
    "all_trials": [
      {
        "number": 0,
        "value": -625849.695562458,
        "state": "TrialState.COMPLETE",
        "params": {
          "learning_rate": 0.00010927879883233762,
          "target_update_interval": 1000,
          "batch_size": 256,
          "exploration_fraction": 0.12507445265541792,
          "exploration_initial_eps": 0.9292317317572214,
          "exploration_final_eps": 0.08358632912993018,
          "net_arch": [
            512,
            512
          ],
          "gamma": 0.9654786631566694,
          "learning_starts": 1000,
          "train_freq": 8,
          "gradient_steps": 1,
          "buffer_size": 1000000
        }
      },
      {
        "number": 1,
        "value": -512380.12971901894,
        "state": "TrialState.COMPLETE",
        "params": {
          "learning_rate": 8.42665034538258e-05,
          "target_update_interval": 1000,
          "batch_size": 128,
          "exploration_fraction": 0.21573775929604358,
          "exploration_initial_eps": 0.9485296583267736,
          "exploration_final_eps": 0.025018757601193223,
          "net_arch": [
            128,
            256,
            128
          ],
          "gamma": 0.9907466921420781,
          "learning_starts": 5000,
          "train_freq": 8,
          "gradient_steps": 1,
          "buffer_size": 500000
        }
      },
      {
        "number": 2,
        "value": -613159.3740613699,
        "state": "TrialState.COMPLETE",
        "params": {
          "learning_rate": 6.246073681318086e-05,
          "target_update_interval": 1000,
          "batch_size": 64,
          "exploration_fraction": 0.27163296221848876,
          "exploration_initial_eps": 0.5976214938990223,
          "exploration_final_eps": 0.07502069037353548,
          "net_arch": [
            256,
            128,
            256
          ],
          "gamma": 0.9967425002731268,
          "learning_starts": 1000,
          "train_freq": 8,
          "gradient_steps": 1,
          "buffer_size": 1000000
        }
      },
      {
        "number": 3,
        "value": -626133.9048791885,
        "state": "TrialState.COMPLETE",
        "params": {
          "learning_rate": 5.527657643435907e-05,
          "target_update_interval": 2000,
          "batch_size": 128,
          "exploration_fraction": 0.1126944221337712,
          "exploration_initial_eps": 0.6584533293940609,
          "exploration_final_eps": 0.06181433591175487,
          "net_arch": [
            128,
            128
          ],
          "gamma": 0.9756782509256635,
          "learning_starts": 1000,
          "train_freq": 8,
          "gradient_steps": 8,
          "buffer_size": 100000
        }
      },
      {
        "number": 4,
        "value": -142777.07828457357,
        "state": "TrialState.COMPLETE",
        "params": {
          "learning_rate": 5.6115164153345e-05,
          "target_update_interval": 500,
          "batch_size": 128,
          "exploration_fraction": 0.3686326600082205,
          "exploration_initial_eps": 0.5102922471479012,
          "exploration_final_eps": 0.0972918866945795,
          "net_arch": [
            128,
            128
          ],
          "gamma": 0.9711653059134636,
          "learning_starts": 5000,
          "train_freq": 8,
          "gradient_steps": 1,
          "buffer_size": 1000000
        }
      },
      {
        "number": 5,
        "value": -295407.17999532225,
        "state": "TrialState.COMPLETE",
        "params": {
          "learning_rate": 2.1930485556643678e-05,
          "target_update_interval": 2000,
          "batch_size": 128,
          "exploration_fraction": 0.10491720568015048,
          "exploration_initial_eps": 0.7475884550556351,
          "exploration_final_eps": 0.013094966900369657,
          "net_arch": [
            128,
            128
          ],
          "gamma": 0.9590578683207508,
          "learning_starts": 1000,
          "train_freq": 8,
          "gradient_steps": 4,
          "buffer_size": 500000
        }
      },
      {
        "number": 6,
        "value": -625437.6627157927,
        "state": "TrialState.COMPLETE",
        "params": {
          "learning_rate": 0.00045443839603360173,
          "target_update_interval": 2000,
          "batch_size": 128,
          "exploration_fraction": 0.1394220566903776,
          "exploration_initial_eps": 0.5027610585618012,
          "exploration_final_eps": 0.08339152856093508,
          "net_arch": [
            512,
            512
          ],
          "gamma": 0.992292067867904,
          "learning_starts": 1000,
          "train_freq": 8,
          "gradient_steps": 4,
          "buffer_size": 1000000
        }
      },
      {
        "number": 7,
        "value": -598955.4683496952,
        "state": "TrialState.PRUNED",
        "params": null
      },
      {
        "number": 8,
        "value": -651832.2871137857,
        "state": "TrialState.PRUNED",
        "params": null
      },
      {
        "number": 9,
        "value": -653203.267089645,
        "state": "TrialState.PRUNED",
        "params": null
      },
      {
        "number": 10,
        "value": -224228.48618774413,
        "state": "TrialState.COMPLETE",
        "params": {
          "learning_rate": 0.0007999539861368675,
          "target_update_interval": 500,
          "batch_size": 64,
          "exploration_fraction": 0.46953065386030424,
          "exploration_initial_eps": 0.8200442512337782,
          "exploration_final_eps": 0.05868495173579933,
          "net_arch": [
            256,
            512,
            256
          ],
          "gamma": 0.9510342972327747,
          "learning_starts": 5000,
          "train_freq": 4,
          "gradient_steps": 1,
          "buffer_size": 1000000
        }
      },
      {
        "number": 11,
        "value": -9938.439202356338,
        "state": "TrialState.COMPLETE",
        "params": {
          "learning_rate": 0.0007746859494512188,
          "target_update_interval": 500,
          "batch_size": 64,
          "exploration_fraction": 0.4595670006588379,
          "exploration_initial_eps": 0.8167358365079543,
          "exploration_final_eps": 0.0995978490043962,
          "net_arch": [
            256,
            512,
            256
          ],
          "gamma": 0.9502843111169749,
          "learning_starts": 5000,
          "train_freq": 4,
          "gradient_steps": 1,
          "buffer_size": 1000000
        }
      },
      {
        "number": 12,
        "value": -9956.002470397949,
        "state": "TrialState.COMPLETE",
        "params": {
          "learning_rate": 0.0002525371010647455,
          "target_update_interval": 500,
          "batch_size": 64,
          "exploration_fraction": 0.4492229332586014,
          "exploration_initial_eps": 0.5392311924833902,
          "exploration_final_eps": 0.09958433044299908,
          "net_arch": [
            256,
            512,
            256
          ],
          "gamma": 0.9788269506582392,
          "learning_starts": 5000,
          "train_freq": 4,
          "gradient_steps": 1,
          "buffer_size": 1000000
        }
      },
      {
        "number": 13,
        "value": -224228.48618774413,
        "state": "TrialState.COMPLETE",