{
  "baseline": {
    "0": {
      "reward": {
        "mean": -2851.274169921875,
        "std": 106.9455795288086
      },
      "cost": {
        "mean": 2847.6,
        "std": 105.98226266691988
      },
      "dropped": {
        "mean": 0.0,
        "std": 0.0
      },
      "queue_occ": {
        "mean": 0.0227062,
        "std": 0.0020287445280271245
      }
    },
    "1": {
      "reward": {
        "mean": -2851.274169921875,
        "std": 106.9455795288086
      },
      "cost": {
        "mean": 2847.6,
        "std": 105.98226266691988
      },
      "dropped": {
        "mean": 0.0,
        "std": 0.0
      },
      "queue_occ": {
        "mean": 0.0227062,
        "std": 0.0020287445280271245
      }
    },
    "3": {
      "reward": {
        "mean": -5425.11083984375,
        "std": 2409.865234375
      },
      "cost": {
        "mean": 3101.0,
        "std": 160.93849756972384
      },
      "dropped": {
        "mean": 116.0,
        "std": 126.50138339164516
      },
      "queue_occ": {
        "mean": 0.0432248,
        "std": 0.0049139356283940065
      }
    },
    "5": {
      "reward": {
        "mean": -16483.025390625,
        "std": 5634.58740234375
      },
      "cost": {
        "mean": 3222.0,
        "std": 183.81730060035156
      },
      "dropped": {
        "mean": 662.8,
        "std": 289.17773081618856
      },
      "queue_occ": {
        "mean": 0.0613654,
        "std": 0.0065262503200536216
      }
    },
    "10": {
      "reward": {
        "mean": -44801.32421875,
        "std": 18374.857421875
      },
      "cost": {
        "mean": 3204.3,
        "std": 198.00002525252364
      },
      "dropped": {
        "mean": 2079.4,
        "std": 923.9470980526969
      },
      "queue_occ": {
        "mean": 0.0970794,
        "std": 0.011376162729145536
      }
    }
  },
  "random": {
    "0": {
      "reward": {
        "mean": -112294.8515625,
        "std": 70241.109375
      },
      "cost": {
        "mean": 4985.8,
        "std": 715.3870001614512
      },
      "dropped": {
        "mean": 5313.4,
        "std": 3542.4598572178625
      },
      "queue_occ": {
        "mean": 0.12430060000000001,
        "std": 0.06544316088973699
      }
    },
    "1": {
      "reward": {
        "mean": -66782.9375,
        "std": 9952.048828125
      },
      "cost": {
        "mean": 5589.2,
        "std": 544.1385485333675
      },
      "dropped": {
        "mean": 3012.2,
        "std": 498.8626664724471
      },
      "queue_occ": {
        "mean": 0.0873776,
        "std": 0.01866099619634493
      }
    },
    "3": {
      "reward": {
        "mean": -121594.0390625,
        "std": 35532.375
      },
      "cost": {
        "mean": 4946.9,
        "std": 643.0798472973632
      },
      "dropped": {
        "mean": 5785.2,
        "std": 1796.7448232845977
      },
      "queue_occ": {
        "mean": 0.13411920000000002,
        "std": 0.041813902522486464
      }
    },
    "5": {
      "reward": {
        "mean": -105567.203125,
        "std": 41978.8671875
      },
      "cost": {
        "mean": 5022.9,
        "std": 408.85558575125276
      },
      "dropped": {
        "mean": 4979.5,
        "std": 2110.508386621574
      },
      "queue_occ": {
        "mean": 0.1237634,
        "std": 0.04562345694092021
      }
    },
    "10": {
      "reward": {
        "mean": -125540.015625,
        "std": 59623.94921875
      },
      "cost": {
        "mean": 4211.7,
        "std": 489.01984622303416
      },
      "dropped": {
        "mean": 6020.8,
        "std": 2993.7936735854055
      },
      "queue_occ": {
        "mean": 0.15509920000000002,
        "std": 0.0649642159420092
      }
    }
  },
  "ppo": {
    "0": {
      "reward": {
        "mean": -2827.90087890625,
        "std": 107.22625732421875
      },
      "cost": {
        "mean": 2810.6,
        "std": 102.94775373945758
      },
      "dropped": {
        "mean": 0.0,
        "std": 0.0
      },
      "queue_occ": {
        "mean": 0.012637600000000002,
        "std": 0.001643740320123589
      }
    },
    "1": {
      "reward": {
        "mean": -2827.90087890625,
        "std": 107.22625732421875
      },
      "cost": {
        "mean": 2810.6,
        "std": 102.94775373945758
      },
      "dropped": {
        "mean": 0.0,
        "std": 0.0
      },
      "queue_occ": {
        "mean": 0.012637600000000002,
        "std": 0.001643740320123589
      }
    },
    "3": {
      "reward": {
        "mean": -2868.89697265625,
        "std": 229.9408416748047
      },
      "cost": {
        "mean": 2758.9,
        "std": 97.94534190047018
      },
      "dropped": {
        "mean": 4.8,
        "std": 9.6
      },
      "queue_occ": {
        "mean": 0.036009599999999996,
        "std": 0.003742575669241705
      }
    },
    "5": {
      "reward": {
        "mean": -8421.0546875,
        "std": 2430.701904296875
      },
      "cost": {
        "mean": 2688.2,
        "std": 93.52090675351688
      },
      "dropped": {
        "mean": 285.9,
        "std": 124.65749074965372
      },
      "queue_occ": {
        "mean": 0.0621626,
        "std": 0.0052790949262160455
      }
    },
    "10": {
      "reward": {
        "mean": -40743.6640625,
        "std": 11965.873046875
      },
      "cost": {
        "mean": 2591.8,
        "std": 119.13504941871639
      },
      "dropped": {
        "mean": 1906.7,
        "std": 599.4761129519674
      },
      "queue_occ": {
        "mean": 0.1026824,
        "std": 0.009095602269228795
      }
    }
  },
  "recurrent_ppo": {
    "0": {
      "reward": {
        "mean": -2688.7392578125,
        "std": 90.29850006103516
      },
      "cost": {
        "mean": 2668.8,
        "std": 87.79612747724127
      },
      "dropped": {
        "mean": 0.0,
        "std": 0.0
      },
      "queue_occ": {
        "mean": 0.0168974,
        "std": 0.0029098320295164806
      }
    },
    "1": {
      "reward": {
        "mean": -2688.7392578125,
        "std": 90.29850006103516
      },
      "cost": {
        "mean": 2668.8,
        "std": 87.79612747724127
      },
      "dropped": {
        "mean": 0.0,
        "std": 0.0
      },
      "queue_occ": {
        "mean": 0.0168974,
        "std": 0.0029098320295164806
      }
    },
    "3": {
      "reward": {
        "mean": -2717.3505859375,
        "std": 209.7958221435547
      },
      "cost": {
        "mean": 2610.1,
        "std": 74.8671490040859
      },
      "dropped": {
        "mean": 4.8,
        "std": 9.6
      },
      "queue_occ": {
        "mean": 0.04021779999999999,
        "std": 0.005168611685936563
      }
    },
    "5": {
      "reward": {
        "mean": -9126.3544921875,
        "std": 3207.38330078125
      },
      "cost": {
        "mean": 2518.9,
        "std": 61.63351361069722
      },
      "dropped": {
        "mean": 329.8,
        "std": 160.3993765573919
      },
      "queue_occ": {
        "mean": 0.069676,
        "std": 0.009293440224158116
      }
    },
    "10": {
      "reward": {
        "mean": -42724.2109375,
        "std": 10437.2548828125
      },
      "cost": {
        "mean": 2330.7,
        "std": 55.63281405789212
      },
      "dropped": {
        "mean": 2019.1,
        "std": 522.1883663966481
      },
      "queue_occ": {
        "mean": 0.1173918,
        "std": 0.01633834771205461
      }
    }
  },
  "a2c": {
    "0": {
      "reward": {
        "mean": -3051.48974609375,
        "std": 118.97594451904297
      },
      "cost": {
        "mean": 3013.1,
        "std": 116.2372143506545
      },
      "dropped": {
        "mean": 0.0,
        "std": 0.0
      },
      "queue_occ": {
        "mean": 0.014388799999999998,
        "std": 0.0019500269126347977
      }
    },
    "1": {
      "reward": {
        "mean": -3051.48974609375,
        "std": 118.97594451904297
      },
      "cost": {
        "mean": 3013.1,
        "std": 116.2372143506545
      },