{
  "baseline": {
    "0": {
      "reward": {
        "mean": -2851.274169921875,
        "std": 106.9455795288086
      },
      "cost": {
        "mean": 2847.6,
        "std": 105.98226266691988
      },
      "dropped": {
        "mean": 0.0,
        "std": 0.0
      },
      "queue_occ": {
        "mean": 0.0227062,
        "std": 0.0020287445280271245
      }
    },
    "1": {
      "reward": {
        "mean": -2851.274169921875,
        "std": 106.9455795288086
      },
      "cost": {
        "mean": 2847.6,
        "std": 105.98226266691988
      },
      "dropped": {
        "mean": 0.0,
        "std": 0.0
      },
      "queue_occ": {
        "mean": 0.0227062,
        "std": 0.0020287445280271245
      }
    },
    "3": {
      "reward": {
        "mean": -5425.11083984375,
        "std": 2409.865234375
      },
      "cost": {
        "mean": 3101.0,
        "std": 160.93849756972384
      },
      "dropped": {
        "mean": 116.0,
        "std": 126.50138339164516
      },
      "queue_occ": {
        "mean": 0.0432248,
        "std": 0.0049139356283940065
      }
    },
    "5": {
      "reward": {
        "mean": -16483.025390625,
        "std": 5634.58740234375
      },
      "cost": {
        "mean": 3222.0,
        "std": 183.81730060035156
      },
      "dropped": {
        "mean": 662.8,
        "std": 289.17773081618856
      },
      "queue_occ": {
        "mean": 0.0613654,
        "std": 0.0065262503200536216
      }
    },
    "10": {
      "reward": {
        "mean": -44801.32421875,
        "std": 18374.857421875
      },
      "cost": {
        "mean": 3204.3,
        "std": 198.00002525252364
      },
      "dropped": {
        "mean": 2079.4,
        "std": 923.9470980526969
      },
      "queue_occ": {
        "mean": 0.0970794,
        "std": 0.011376162729145536
      }
    }
  },
  "random": {
    "0": {
      "reward": {
        "mean": -100772.7109375,
        "std": 104630.671875
      },
      "cost": {
        "mean": 5213.2,
        "std": 563.2597624542339
      },
      "dropped": {
        "mean": 4724.8,
        "std": 5250.71800423523
      },
      "queue_occ": {
        "mean": 0.105497,
        "std": 0.07462407225687968
      }
    },
    "1": {
      "reward": {
        "mean": -93709.0625,
        "std": 43033.74609375
      },
      "cost": {
        "mean": 5248.2,
        "std": 496.9713875063634
      },
      "dropped": {
        "mean": 4375.0,
        "std": 2168.861314146204
      },
      "queue_occ": {
        "mean": 0.103942,
        "std": 0.030789026057996702
      }
    },
    "3": {
      "reward": {
        "mean": -114123.546875,
        "std": 50316.5546875
      },
      "cost": {
        "mean": 5092.1,
        "std": 449.26438763828145
      },
      "dropped": {
        "mean": 5404.5,
        "std": 2523.9090019253863
      },
      "queue_occ": {
        "mean": 0.13774380000000003,
        "std": 0.034610909591630205
      }
    },
    "5": {
      "reward": {
        "mean": -94253.015625,
        "std": 56524.55859375
      },
      "cost": {
        "mean": 4740.0,
        "std": 340.4508775139227
      },
      "dropped": {
        "mean": 4429.9,
        "std": 2836.7784703779744
      },
      "queue_occ": {
        "mean": 0.11850880000000001,
        "std": 0.045461799271036336
      }
    },
    "10": {
      "reward": {
        "mean": -134691.6875,
        "std": 57393.546875
      },
      "cost": {
        "mean": 3993.1,
        "std": 384.1357702687944
      },
      "dropped": {
        "mean": 6488.1,
        "std": 2871.5879387544446
      },
      "queue_occ": {
        "mean": 0.172401,
        "std": 0.04648680407384444
      }
    }
  },
  "ppo": {
    "0": {
      "reward": {
        "mean": -2902.85595703125,
        "std": 103.89775085449219
      },
      "cost": {
        "mean": 2829.6,
        "std": 95.7728562798458
      },
      "dropped": {
        "mean": 0.0,
        "std": 0.0
      },
      "queue_occ": {
        "mean": 0.0115694,
        "std": 0.002038699399126806
      }
    },
    "1": {
      "reward": {
        "mean": -2902.85595703125,
        "std": 103.89775085449219
      },
      "cost": {
        "mean": 2829.6,
        "std": 95.7728562798458
      },
      "dropped": {
        "mean": 0.0,
        "std": 0.0
      },
      "queue_occ": {
        "mean": 0.0115694,
        "std": 0.002038699399126806
      }
    },
    "3": {
      "reward": {
        "mean": -2861.22705078125,
        "std": 106.76913452148438
      },
      "cost": {
        "mean": 2838.9,
        "std": 102.36254197703377
      },
      "dropped": {
        "mean": 0.0,
        "std": 0.0
      },
      "queue_occ": {
        "mean": 0.033510200000000004,
        "std": 0.005130832949921484
      }
    },
    "5": {
      "reward": {
        "mean": -6801.0537109375,
        "std": 3216.1240234375
      },
      "cost": {
        "mean": 2817.0,
        "std": 105.28817597432297
      },
      "dropped": {
        "mean": 198.2,
        "std": 163.27633018903873
      },
      "queue_occ": {
        "mean": 0.05787479999999999,
        "std": 0.006357632653747776
      }
    },
    "10": {
      "reward": {
        "mean": -37190.36328125,
        "std": 11756.43359375
      },
      "cost": {
        "mean": 2659.4,
        "std": 106.86365144425864
      },
      "dropped": {
        "mean": 1725.4,
        "std": 588.9743967270564
      },
      "queue_occ": {
        "mean": 0.1043992,
        "std": 0.012791297329043678
      }
    }
  },
  "recurrent_ppo": {
    "0": {
      "reward": {
        "mean": -4855.58837890625,
        "std": 77.37821960449219
      },
      "cost": {
        "mean": 4539.9,
        "std": 80.47912772887142
      },
      "dropped": {
        "mean": 0.0,
        "std": 0.0
      },
      "queue_occ": {
        "mean": 0.0072456000000000005,
        "std": 0.0017349012190900088
      }
    },
    "1": {
      "reward": {
        "mean": -4855.58837890625,
        "std": 77.37821960449219
      },
      "cost": {
        "mean": 4539.9,
        "std": 80.47912772887142
      },
      "dropped": {
        "mean": 0.0,
        "std": 0.0
      },
      "queue_occ": {
        "mean": 0.0072456000000000005,
        "std": 0.0017349012190900088
      }
    },
    "3": {
      "reward": {
        "mean": -3531.97900390625,
        "std": 109.06877136230469
      },
      "cost": {
        "mean": 3478.9,
        "std": 107.35124591731575
      },
      "dropped": {
        "mean": 1.0,
        "std": 3.0
      },
      "queue_occ": {
        "mean": 0.0248668,
        "std": 0.0023420847465452656
      }
    },
    "5": {
      "reward": {
        "mean": -5594.9208984375,
        "std": 2211.1240234375
      },
      "cost": {
        "mean": 3183.5,
        "std": 81.30713375836096
      },
      "dropped": {
        "mean": 118.0,
        "std": 109.96453973895403
      },
      "queue_occ": {
        "mean": 0.0479798,
        "std": 0.007688904860901844
      }
    },
    "10": {
      "reward": {
        "mean": -31180.81640625,
        "std": 11496.2265625
      },
      "cost": {
        "mean": 2892.3,
        "std": 106.14805697703562
      },
      "dropped": {
        "mean": 1410.1,
        "std": 578.0388308755736
      },
      "queue_occ": {
        "mean": 0.09106739999999999,
        "std": 0.010584854389173242
      }
    }
  },
  "a2c": {
    "0": {
      "reward": {
        "mean": -4768.3173828125,
        "std": 112.45063781738281
      },
      "cost": {
        "mean": 4274.3,
        "std": 111.5285165327684
      },
      "dropped": {
        "mean": 0.0,
        "std": 0.0
      },
      "queue_occ": {
        "mean": 0.0008737999999999999,
        "std": 0.0008216522135307613
      }
    },
    "1": {
      "reward": {
        "mean": -4768.3173828125,
        "std": 112.45063781738281
      },
      "cost": {
        "mean": 4274.3,
        "std": 111.5285165327684
      },