{
  "baseline": {
    "0": {
      "reward": {
        "mean": -2851.274169921875,
        "std": 106.9455795288086
      },
      "cost": {
        "mean": 2847.6,
        "std": 105.98226266691988
      },
      "dropped": {
        "mean": 0.0,
        "std": 0.0
      },
      "queue_occ": {
        "mean": 0.0227062,
        "std": 0.0020287445280271245
      }
    },
    "1": {
      "reward": {
        "mean": -2851.274169921875,
        "std": 106.9455795288086
      },
      "cost": {
        "mean": 2847.6,
        "std": 105.98226266691988
      },
      "dropped": {
        "mean": 0.0,
        "std": 0.0
      },
      "queue_occ": {
        "mean": 0.0227062,
        "std": 0.0020287445280271245
      }
    },
    "3": {
      "reward": {
        "mean": -5425.11083984375,
        "std": 2409.865234375
      },
      "cost": {
        "mean": 3101.0,
        "std": 160.93849756972384
      },
      "dropped": {
        "mean": 116.0,
        "std": 126.50138339164516
      },
      "queue_occ": {
        "mean": 0.0432248,
        "std": 0.0049139356283940065
      }
    },
    "5": {
      "reward": {
        "mean": -16483.025390625,
        "std": 5634.58740234375
      },
      "cost": {
        "mean": 3222.0,
        "std": 183.81730060035156
      },
      "dropped": {
        "mean": 662.8,
        "std": 289.17773081618856
      },
      "queue_occ": {
        "mean": 0.0613654,
        "std": 0.0065262503200536216
      }
    },
    "10": {
      "reward": {
        "mean": -44801.32421875,
        "std": 18374.857421875
      },
      "cost": {
        "mean": 3204.3,
        "std": 198.00002525252364
      },
      "dropped": {
        "mean": 2079.4,
        "std": 923.9470980526969
      },
      "queue_occ": {
        "mean": 0.0970794,
        "std": 0.011376162729145536
      }
    }
  },
  "random": {
    "0": {
      "reward": {
        "mean": -99635.1640625,
        "std": 72404.6015625
      },
      "cost": {
        "mean": 5544.7,
        "std": 518.0121716716702
      },
      "dropped": {
        "mean": 4654.8,
        "std": 3635.8950699930824
      },
      "queue_occ": {
        "mean": 0.102509,
        "std": 0.052764477158406486
      }
    },
    "1": {
      "reward": {
        "mean": -125257.078125,
        "std": 51718.15234375
      },
      "cost": {
        "mean": 5131.9,
        "std": 822.1268089534607
      },
      "dropped": {
        "mean": 5955.2,
        "std": 2625.2360579574556
      },
      "queue_occ": {
        "mean": 0.1272416,
        "std": 0.057649274249031095
      }
    },
    "3": {
      "reward": {
        "mean": -137969.578125,
        "std": 45469.86328125
      },
      "cost": {
        "mean": 5049.6,
        "std": 430.8327285617935
      },
      "dropped": {
        "mean": 6597.4,
        "std": 2281.7725215279456
      },
      "queue_occ": {
        "mean": 0.1358422,
        "std": 0.037054538544691124
      }
    },
    "5": {
      "reward": {
        "mean": -151891.3125,
        "std": 59948.0859375
      },
      "cost": {
        "mean": 4513.3,
        "std": 407.72124055535784
      },
      "dropped": {
        "mean": 7321.0,
        "std": 3002.585985446545
      },
      "queue_occ": {
        "mean": 0.1560862,
        "std": 0.05299241173186969
      }
    },
    "10": {
      "reward": {
        "mean": -117819.546875,
        "std": 50653.296875
      },
      "cost": {
        "mean": 4236.4,
        "std": 356.46828750956234
      },
      "dropped": {
        "mean": 5632.7,
        "std": 2537.943894178908
      },
      "queue_occ": {
        "mean": 0.1352952,
        "std": 0.03463481892200391
      }
    }
  },
  "ppo": {
    "0": {
      "reward": {
        "mean": -3439.143798828125,
        "std": 80.74553680419922
      },
      "cost": {
        "mean": 3420.5,
        "std": 79.55281264669402
      },
      "dropped": {
        "mean": 0.0,
        "std": 0.0
      },
      "queue_occ": {
        "mean": 0.0054774,
        "std": 0.0016071570053980413
      }
    },
    "1": {
      "reward": {
        "mean": -3439.143798828125,
        "std": 80.74553680419922
      },
      "cost": {
        "mean": 3420.5,
        "std": 79.55281264669402
      },
      "dropped": {
        "mean": 0.0,
        "std": 0.0
      },
      "queue_occ": {
        "mean": 0.0054774,
        "std": 0.0016071570053980413
      }
    },
    "3": {
      "reward": {
        "mean": -3666.083251953125,
        "std": 669.55810546875
      },
      "cost": {
        "mean": 3392.4,
        "std": 86.57505414378902
      },
      "dropped": {
        "mean": 13.3,
        "std": 32.69265972661142
      },
      "queue_occ": {
        "mean": 0.015517999999999999,
        "std": 0.003465572968500303
      }
    },
    "5": {
      "reward": {
        "mean": -6619.2587890625,
        "std": 3009.639892578125
      },
      "cost": {
        "mean": 3342.3,
        "std": 88.71533125677882
      },
      "dropped": {
        "mean": 163.5,
        "std": 151.97318842480078
      },
      "queue_occ": {
        "mean": 0.026662799999999997,
        "std": 0.004516451456619455
      }
    },
    "10": {
      "reward": {
        "mean": -20383.943359375,
        "std": 7398.93359375
      },
      "cost": {
        "mean": 3238.4,
        "std": 87.05423596815953
      },
      "dropped": {
        "mean": 857.0,
        "std": 373.245227698895
      },
      "queue_occ": {
        "mean": 0.045953400000000005,
        "std": 0.009611150026921856
      }
    }
  },
  "recurrent_ppo": {
    "0": {
      "reward": {
        "mean": -2991.00830078125,
        "std": 88.0909423828125
      },
      "cost": {
        "mean": 2967.3,
        "std": 91.29737126555179
      },
      "dropped": {
        "mean": 0.0,
        "std": 0.0
      },
      "queue_occ": {
        "mean": 0.010059599999999998,
        "std": 0.001016836978084491
      }
    },
    "1": {
      "reward": {
        "mean": -2991.00830078125,
        "std": 88.0909423828125
      },
      "cost": {
        "mean": 2967.3,
        "std": 91.29737126555179
      },
      "dropped": {
        "mean": 0.0,
        "std": 0.0
      },
      "queue_occ": {
        "mean": 0.010059599999999998,
        "std": 0.001016836978084491
      }
    },
    "3": {
      "reward": {
        "mean": -2823.256591796875,
        "std": 69.27658081054688
      },
      "cost": {
        "mean": 2806.8,
        "std": 67.0459543895081
      },
      "dropped": {
        "mean": 0.0,
        "std": 0.0
      },
      "queue_occ": {
        "mean": 0.0265024,
        "std": 0.003184082762743456
      }
    },
    "5": {
      "reward": {
        "mean": -5487.60791015625,
        "std": 2287.904296875
      },
      "cost": {
        "mean": 2737.2,
        "std": 74.3004710617638
      },
      "dropped": {
        "mean": 136.9,
        "std": 117.15071489325194
      },
      "queue_occ": {
        "mean": 0.047116599999999995,
        "std": 0.006991524586240114
      }
    },
    "10": {
      "reward": {
        "mean": -40445.19921875,
        "std": 7617.296875
      },
      "cost": {
        "mean": 2456.7,
        "std": 66.211856944206
      },
      "dropped": {
        "mean": 1898.5,
        "std": 379.6496411166485
      },
      "queue_occ": {
        "mean": 0.1039774,
        "std": 0.016941486405861794
      }
    }
  },
  "a2c": {
    "0": {
      "reward": {
        "mean": -3051.48974609375,
        "std": 118.97594451904297
      },
      "cost": {
        "mean": 3013.1,
        "std": 116.2372143506545
      },
      "dropped": {
        "mean": 0.0,
        "std": 0.0
      },
      "queue_occ": {
        "mean": 0.014388799999999998,
        "std": 0.0019500269126347977
      }
    },
    "1": {
      "reward": {
        "mean": -3051.48974609375,
        "std": 118.97594451904297
      },
      "cost": {
        "mean": 3013.1,
        "std": 116.2372143506545
      },