{
  "baseline": {
    "5.0": {
      "reward": {
        "mean": -3685.11083984375,
        "std": 520.8982543945312
      },
      "cost": {
        "mean": 3101.0,
        "std": 160.93849756972384
      },
      "dropped": {
        "mean": 116.0,
        "std": 126.50138339164516
      },
      "queue_occ": {
        "mean": 0.0432248,
        "std": 0.0049139356283940065
      }
    },
    "10.0": {
      "reward": {
        "mean": -4265.111328125,
        "std": 1147.422607421875
      },
      "cost": {
        "mean": 3101.0,
        "std": 160.93849756972384
      },
      "dropped": {
        "mean": 116.0,
        "std": 126.50138339164516
      },
      "queue_occ": {
        "mean": 0.0432248,
        "std": 0.0049139356283940065
      }
    },
    "20.0": {
      "reward": {
        "mean": -5425.11083984375,
        "std": 2409.865234375
      },
      "cost": {
        "mean": 3101.0,
        "std": 160.93849756972384
      },
      "dropped": {
        "mean": 116.0,
        "std": 126.50138339164516
      },
      "queue_occ": {
        "mean": 0.0432248,
        "std": 0.0049139356283940065
      }
    },
    "30.0": {
      "reward": {
        "mean": -6585.11083984375,
        "std": 3674.076416015625
      },
      "cost": {
        "mean": 3101.0,
        "std": 160.93849756972384
      },
      "dropped": {
        "mean": 116.0,
        "std": 126.50138339164516
      },
      "queue_occ": {
        "mean": 0.0432248,
        "std": 0.0049139356283940065
      }
    },
    "50.0": {
      "reward": {
        "mean": -8905.1103515625,
        "std": 6203.48095703125
      },
      "cost": {
        "mean": 3101.0,
        "std": 160.93849756972384
      },
      "dropped": {
        "mean": 116.0,
        "std": 126.50138339164516
      },
      "queue_occ": {
        "mean": 0.0432248,
        "std": 0.0049139356283940065
      }
    }
  },
  "random": {
    "5.0": {
      "reward": {
        "mean": -29290.900390625,
        "std": 11739.6015625
      },
      "cost": {
        "mean": 5163.6,
        "std": 703.7688825175493
      },
      "dropped": {
        "mean": 4629.1,
        "std": 2436.164955416607
      },
      "queue_occ": {
        "mean": 0.10832199999999999,
        "std": 0.0444547607169356
      }
    },
    "10.0": {
      "reward": {
        "mean": -59916.66796875,
        "std": 30546.015625
      },
      "cost": {
        "mean": 5119.7,
        "std": 748.5070540749766
      },
      "dropped": {
        "mean": 5385.1,
        "std": 3106.6791417846807
      },
      "queue_occ": {
        "mean": 0.11850780000000001,
        "std": 0.05451330010520369
      }
    },
    "20.0": {
      "reward": {
        "mean": -112237.3125,
        "std": 47534.43359375
      },
      "cost": {
        "mean": 4990.0,
        "std": 546.8444020011542
      },
      "dropped": {
        "mean": 5315.7,
        "std": 2387.3375148897567
      },
      "queue_occ": {
        "mean": 0.125845,
        "std": 0.03914068122299356
      }
    },
    "30.0": {
      "reward": {
        "mean": -144398.265625,
        "std": 87157.7578125
      },
      "cost": {
        "mean": 5039.7,
        "std": 620.1261242682814
      },
      "dropped": {
        "mean": 4612.7,
        "std": 2916.0635812684195
      },
      "queue_occ": {
        "mean": 0.1260792,
        "std": 0.055731131115024035
      }
    },
    "50.0": {
      "reward": {
        "mean": -270637.8125,
        "std": 84193.671875
      },
      "cost": {
        "mean": 4996.0,
        "std": 553.5014001788975
      },
      "dropped": {
        "mean": 5293.4,
        "std": 1689.821422517776
      },
      "queue_occ": {
        "mean": 0.1292026,
        "std": 0.029603152373353755
      }
    }
  },
  "double_dqn": {
    "5.0": {
      "reward": {
        "mean": -2456.39404296875,
        "std": 218.53158569335938
      },
      "cost": {
        "mean": 2240.1,
        "std": 74.01412027444493
      },
      "dropped": {
        "mean": 39.4,
        "std": 43.2416465921454
      },
      "queue_occ": {
        "mean": 0.0992378,
        "std": 0.012360004707118845
      }
    },
    "10.0": {
      "reward": {
        "mean": -2479.58447265625,
        "std": 108.42538452148438
      },
      "cost": {
        "mean": 2302.1,
        "std": 73.21263552147266
      },
      "dropped": {
        "mean": 2.6,
        "std": 4.903060268852505
      },
      "queue_occ": {
        "mean": 0.09675360000000002,
        "std": 0.008718666264974249
      }
    },
    "20.0": {
      "reward": {
        "mean": -2518.484619140625,
        "std": 62.365360260009766
      },
      "cost": {
        "mean": 2422.7,
        "std": 62.807722455124896
      },
      "dropped": {
        "mean": 0.0,
        "std": 0.0
      },
      "queue_occ": {
        "mean": 0.06903000000000001,
        "std": 0.00922243542671891
      }
    },
    "30.0": {
      "reward": {
        "mean": -4096.6181640625,
        "std": 1331.7799072265625
      },
      "cost": {
        "mean": 2196.8,
        "std": 76.48110877857354
      },
      "dropped": {
        "mean": 38.9,
        "std": 45.82237444742469
      },
      "queue_occ": {
        "mean": 0.11850400000000001,
        "std": 0.0159542777210377
      }
    },
    "50.0": {
      "reward": {
        "mean": -9594.015625,
        "std": 8865.1171875
      },
      "cost": {
        "mean": 2324.7,
        "std": 73.72523312950594
      },
      "dropped": {
        "mean": 143.4,
        "std": 177.587837421373
      },
      "queue_occ": {
        "mean": 0.1086544,
        "std": 0.009921888159014894
      }
    }
  }
}