{
  "baseline": {
    "5.0": {
      "reward": {
        "mean": -3590.977783203125,
        "std": 116.771240234375
      },
      "cost": {
        "mean": 3008.5,
        "std": 3.5
      },
      "dropped": {
        "mean": 116.0,
        "std": 24.0
      },
      "queue_occ": {
        "mean": 0.045541,
        "std": 0.0022770000000000012
      }
    },
    "10.0": {
      "reward": {
        "mean": -4170.9775390625,
        "std": 236.7713623046875
      },
      "cost": {
        "mean": 3008.5,
        "std": 3.5
      },
      "dropped": {
        "mean": 116.0,
        "std": 24.0
      },
      "queue_occ": {
        "mean": 0.045541,
        "std": 0.0022770000000000012
      }
    },
    "20.0": {
      "reward": {
        "mean": -5330.97705078125,
        "std": 476.77099609375
      },
      "cost": {
        "mean": 3008.5,
        "std": 3.5
      },
      "dropped": {
        "mean": 116.0,
        "std": 24.0
      },
      "queue_occ": {
        "mean": 0.045541,
        "std": 0.0022770000000000012
      }
    },
    "30.0": {
      "reward": {
        "mean": -6490.9775390625,
        "std": 716.771484375
      },
      "cost": {
        "mean": 3008.5,
        "std": 3.5
      },
      "dropped": {
        "mean": 116.0,
        "std": 24.0
      },
      "queue_occ": {
        "mean": 0.045541,
        "std": 0.0022770000000000012
      }
    },
    "50.0": {
      "reward": {
        "mean": -8810.9775390625,
        "std": 1196.771484375
      },
      "cost": {
        "mean": 3008.5,
        "std": 3.5
      },
      "dropped": {
        "mean": 116.0,
        "std": 24.0
      },
      "queue_occ": {
        "mean": 0.045541,
        "std": 0.0022770000000000012
      }
    }
  },
  "random": {
    "5.0": {
      "reward": {
        "mean": -35169.71875,
        "std": 10792.337890625
      },
      "cost": {
        "mean": 4359.0,
        "std": 784.0
      },
      "dropped": {
        "mean": 5975.5,
        "std": 2319.5
      },
      "queue_occ": {
        "mean": 0.157598,
        "std": 0.03291399999999999
      }
    },
    "10.0": {
      "reward": {
        "mean": -80409.921875,
        "std": 36702.48046875
      },
      "cost": {
        "mean": 5102.0,
        "std": 582.0
      },
      "dropped": {
        "mean": 7437.0,
        "std": 3730.0
      },
      "queue_occ": {
        "mean": 0.150003,
        "std": 0.047789
      }
    },
    "20.0": {
      "reward": {
        "mean": -171062.984375,
        "std": 79395.5234375
      },
      "cost": {
        "mean": 4752.0,
        "std": 203.0
      },
      "dropped": {
        "mean": 8268.0,
        "std": 3981.0
      },
      "queue_occ": {
        "mean": 0.160227,
        "std": 0.010374999999999995
      }
    },
    "30.0": {
      "reward": {
        "mean": -149170.9375,
        "std": 1729.640625
      },
      "cost": {
        "mean": 5657.0,
        "std": 444.0
      },
      "dropped": {
        "mean": 4753.5,
        "std": 72.5
      },
      "queue_occ": {
        "mean": 0.107787,
        "std": 0.013782999999999997
      }
    },
    "50.0": {
      "reward": {
        "mean": -136387.984375,
        "std": 52462.765625
      },
      "cost": {
        "mean": 5790.5,
        "std": 109.5
      },
      "dropped": {
        "mean": 2593.5,
        "std": 1047.5
      },
      "queue_occ": {
        "mean": 0.06794900000000001,
        "std": 0.004701000000000004
      }
    }
  },
  "dueling_dqn": {
    "5.0": {
      "reward": {
        "mean": -6737.36376953125,
        "std": 1697.12353515625
      },
      "cost": {
        "mean": 2235.0,
        "std": 42.0
      },
      "dropped": {
        "mean": 615.5,
        "std": 350.5
      },
      "queue_occ": {
        "mean": 0.12644,
        "std": 0.011207999999999996
      }
    },
    "10.0": {
      "reward": {
        "mean": -21285.1875,
        "std": 3820.6787109375
      },
      "cost": {
        "mean": 2938.0,
        "std": 53.0
      },
      "dropped": {
        "mean": 1630.0,
        "std": 393.0
      },
      "queue_occ": {
        "mean": 0.139179,
        "std": 0.008948999999999999
      }
    },
    "20.0": {
      "reward": {
        "mean": -14942.65625,
        "std": 2254.02734375
      },
      "cost": {
        "mean": 9802.0,
        "std": 66.0
      },
      "dropped": {
        "mean": 257.0,
        "std": 116.0
      },
      "queue_occ": {
        "mean": 0.008033,
        "std": 0.0002530000000000002
      }
    },
    "30.0": {
      "reward": {
        "mean": -7612.50048828125,
        "std": 279.50048828125
      },
      "cost": {
        "mean": 7607.5,
        "std": 274.5
      },
      "dropped": {
        "mean": 0.0,
        "std": 0.0
      },
      "queue_occ": {
        "mean": 7.2e-05,
        "std": 6e-05
      }
    },
    "50.0": {
      "reward": {
        "mean": -9499.51953125,
        "std": 0.4995119571685791
      },
      "cost": {
        "mean": 9219.5,
        "std": 9.5
      },
      "dropped": {
        "mean": 0.0,
        "std": 0.0
      },
      "queue_occ": {
        "mean": 0.001952,
        "std": 0.000286
      }
    }
  }
}