{
  "baseline": {
    "5.0": {
      "reward": {
        "mean": -3590.977783203125,
        "std": 116.771240234375
      },
      "cost": {
        "mean": 3008.5,
        "std": 3.5
      },
      "dropped": {
        "mean": 116.0,
        "std": 24.0
      },
      "queue_occ": {
        "mean": 0.045541,
        "std": 0.0022770000000000012
      }
    },
    "10.0": {
      "reward": {
        "mean": -4170.9775390625,
        "std": 236.7713623046875
      },
      "cost": {
        "mean": 3008.5,
        "std": 3.5
      },
      "dropped": {
        "mean": 116.0,
        "std": 24.0
      },
      "queue_occ": {
        "mean": 0.045541,
        "std": 0.0022770000000000012
      }
    },
    "20.0": {
      "reward": {
        "mean": -5330.97705078125,
        "std": 476.77099609375
      },
      "cost": {
        "mean": 3008.5,
        "std": 3.5
      },
      "dropped": {
        "mean": 116.0,
        "std": 24.0
      },
      "queue_occ": {
        "mean": 0.045541,
        "std": 0.0022770000000000012
      }
    },
    "30.0": {
      "reward": {
        "mean": -6490.9775390625,
        "std": 716.771484375
      },
      "cost": {
        "mean": 3008.5,
        "std": 3.5
      },
      "dropped": {
        "mean": 116.0,
        "std": 24.0
      },
      "queue_occ": {
        "mean": 0.045541,
        "std": 0.0022770000000000012
      }
    },
    "50.0": {
      "reward": {
        "mean": -8810.9775390625,
        "std": 1196.771484375
      },
      "cost": {
        "mean": 3008.5,
        "std": 3.5
      },
      "dropped": {
        "mean": 116.0,
        "std": 24.0
      },
      "queue_occ": {
        "mean": 0.045541,
        "std": 0.0022770000000000012
      }
    }
  },
  "random": {
    "5.0": {
      "reward": {
        "mean": -32282.71875,
        "std": 8399.96875
      },
      "cost": {
        "mean": 5313.0,
        "std": 739.0
      },
      "dropped": {
        "mean": 5200.5,
        "std": 1822.5
      },
      "queue_occ": {
        "mean": 0.11329600000000001,
        "std": 0.047234000000000005
      }
    },
    "10.0": {
      "reward": {
        "mean": -46784.23046875,
        "std": 14556.7763671875
      },
      "cost": {
        "mean": 4917.0,
        "std": 8.0
      },
      "dropped": {
        "mean": 4089.0,
        "std": 1460.0
      },
      "queue_occ": {
        "mean": 0.120857,
        "std": 0.020745
      }
    },
    "20.0": {
      "reward": {
        "mean": -130871.3125,
        "std": 43830.16796875
      },
      "cost": {
        "mean": 4623.5,
        "std": 406.5
      },
      "dropped": {
        "mean": 6269.5,
        "std": 2213.5
      },
      "queue_occ": {
        "mean": 0.124696,
        "std": 0.049803999999999994
      }
    },
    "30.0": {
      "reward": {
        "mean": -127635.7421875,
        "std": 33204.1484375
      },
      "cost": {
        "mean": 5109.5,
        "std": 155.5
      },
      "dropped": {
        "mean": 4051.5,
        "std": 1113.5
      },
      "queue_occ": {
        "mean": 0.104383,
        "std": 0.023198999999999997
      }
    },
    "50.0": {
      "reward": {
        "mean": -316762.5625,
        "std": 81434.03125
      },
      "cost": {
        "mean": 4733.5,
        "std": 156.5
      },
      "dropped": {
        "mean": 6221.5,
        "std": 1633.5
      },
      "queue_occ": {
        "mean": 0.167062,
        "std": 0.00424200000000001
      }
    }
  },
  "recurrent_ppo": {
    "5.0": {
      "reward": {
        "mean": -4324.2421875,
        "std": 80.923828125
      },
      "cost": {
        "mean": 4296.5,
        "std": 98.5
      },
      "dropped": {
        "mean": 0.0,
        "std": 0.0
      },
      "queue_occ": {
        "mean": 0.008976000000000001,
        "std": 0.0015380000000000003
      }
    },
    "10.0": {
      "reward": {
        "mean": -6072.861328125,
        "std": 445.024658203125
      },
      "cost": {
        "mean": 3260.5,
        "std": 5.5
      },
      "dropped": {
        "mean": 268.5,
        "std": 45.5
      },
      "queue_occ": {
        "mean": 0.044292,
        "std": 0.009536
      }
    },
    "20.0": {
      "reward": {
        "mean": -7358.22314453125,
        "std": 3978.12841796875
      },
      "cost": {
        "mean": 3208.5,
        "std": 9.5
      },
      "dropped": {
        "mean": 197.5,
        "std": 197.5
      },
      "queue_occ": {
        "mean": 0.04252,
        "std": 0.016045999999999998
      }
    },
    "30.0": {
      "reward": {
        "mean": -4366.142578125,
        "std": 495.8814697265625
      },
      "cost": {
        "mean": 3795.0,
        "std": 74.0
      },
      "dropped": {
        "mean": 19.0,
        "std": 19.0
      },
      "queue_occ": {
        "mean": 0.021173,
        "std": 0.0006029999999999994
      }
    },
    "50.0": {
      "reward": {
        "mean": -7916.7705078125,
        "std": 2526.277587890625
      },
      "cost": {
        "mean": 5316.0,
        "std": 74.0
      },
      "dropped": {
        "mean": 52.0,
        "std": 52.0
      },
      "queue_occ": {
        "mean": 0.013915,
        "std": 0.0017670000000000003
      }
    }
  }
}