{
  "baseline": {
    "5.0": {
      "reward": {
        "mean": -3685.11083984375,
        "std": 520.8982543945312
      },
      "cost": {
        "mean": 3101.0,
        "std": 160.93849756972384
      },
      "dropped": {
        "mean": 116.0,
        "std": 126.50138339164516
      },
      "queue_occ": {
        "mean": 0.0432248,
        "std": 0.0049139356283940065
      }
    },
    "10.0": {
      "reward": {
        "mean": -4265.111328125,
        "std": 1147.422607421875
      },
      "cost": {
        "mean": 3101.0,
        "std": 160.93849756972384
      },
      "dropped": {
        "mean": 116.0,
        "std": 126.50138339164516
      },
      "queue_occ": {
        "mean": 0.0432248,
        "std": 0.0049139356283940065
      }
    },
    "20.0": {
      "reward": {
        "mean": -5425.11083984375,
        "std": 2409.865234375
      },
      "cost": {
        "mean": 3101.0,
        "std": 160.93849756972384
      },
      "dropped": {
        "mean": 116.0,
        "std": 126.50138339164516
      },
      "queue_occ": {
        "mean": 0.0432248,
        "std": 0.0049139356283940065
      }
    },
    "30.0": {
      "reward": {
        "mean": -6585.11083984375,
        "std": 3674.076416015625
      },
      "cost": {
        "mean": 3101.0,
        "std": 160.93849756972384
      },
      "dropped": {
        "mean": 116.0,
        "std": 126.50138339164516
      },
      "queue_occ": {
        "mean": 0.0432248,
        "std": 0.0049139356283940065
      }
    },
    "50.0": {
      "reward": {
        "mean": -8905.1103515625,
        "std": 6203.48095703125
      },
      "cost": {
        "mean": 3101.0,
        "std": 160.93849756972384
      },
      "dropped": {
        "mean": 116.0,
        "std": 126.50138339164516
      },
      "queue_occ": {
        "mean": 0.0432248,
        "std": 0.0049139356283940065
      }
    }
  },
  "random": {
    "5.0": {
      "reward": {
        "mean": -34145.47265625,
        "std": 14278.9052734375
      },
      "cost": {
        "mean": 5115.2,
        "std": 461.08823450615176
      },
      "dropped": {
        "mean": 5613.1,
        "std": 2912.380691118522
      },
      "queue_occ": {
        "mean": 0.1295086,
        "std": 0.05408681981444278
      }
    },
    "10.0": {
      "reward": {
        "mean": -56555.9140625,
        "std": 20031.408203125
      },
      "cost": {
        "mean": 4949.0,
        "std": 543.0963082179808
      },
      "dropped": {
        "mean": 5064.1,
        "std": 2034.3181388366963
      },
      "queue_occ": {
        "mean": 0.11456079999999999,
        "std": 0.035273028962083765
      }
    },
    "20.0": {
      "reward": {
        "mean": -133439.546875,
        "std": 65986.8671875
      },
      "cost": {
        "mean": 4938.8,
        "std": 657.9397844787925
      },
      "dropped": {
        "mean": 6378.8,
        "std": 3317.2658560929362
      },
      "queue_occ": {
        "mean": 0.13605260000000002,
        "std": 0.05585424132901636
      }
    },
    "30.0": {
      "reward": {
        "mean": -183076.703125,
        "std": 65302.3828125
      },
      "cost": {
        "mean": 4887.6,
        "std": 475.4265873928382
      },
      "dropped": {
        "mean": 5906.4,
        "std": 2181.619270175252
      },
      "queue_occ": {
        "mean": 0.140711,
        "std": 0.04152205845812561
      }
    },
    "50.0": {
      "reward": {
        "mean": -227220.96875,
        "std": 165470.46875
      },
      "cost": {
        "mean": 5143.8,
        "std": 415.74650930585096
      },
      "dropped": {
        "mean": 4422.5,
        "std": 3316.3707347038267
      },
      "queue_occ": {
        "mean": 0.10862500000000001,
        "std": 0.06800361962278184
      }
    }
  },
  "ppo": {
    "5.0": {
      "reward": {
        "mean": -3117.956298828125,
        "std": 105.81027221679688
      },
      "cost": {
        "mean": 3091.0,
        "std": 91.66133317817278
      },
      "dropped": {
        "mean": 2.4,
        "std": 7.200000000000001
      },
      "queue_occ": {
        "mean": 0.021851199999999998,
        "std": 0.004429866291435893
      }
    },
    "10.0": {
      "reward": {
        "mean": -3067.768798828125,
        "std": 94.23707580566406
      },
      "cost": {
        "mean": 3049.2,
        "std": 90.31810449738192
      },
      "dropped": {
        "mean": 0.0,
        "std": 0.0
      },
      "queue_occ": {
        "mean": 0.02677,
        "std": 0.005442560132878645
      }
    },
    "20.0": {
      "reward": {
        "mean": -3496.184814453125,
        "std": 85.47998046875
      },
      "cost": {
        "mean": 3478.2,
        "std": 82.27976665013095
      },
      "dropped": {
        "mean": 0.0,
        "std": 0.0
      },
      "queue_occ": {
        "mean": 0.0122246,
        "std": 0.0048381013672720834
      }
    },
    "30.0": {
      "reward": {
        "mean": -3300.84521484375,
        "std": 75.40057373046875
      },
      "cost": {
        "mean": 3278.3,
        "std": 76.18799117971282
      },
      "dropped": {
        "mean": 0.0,
        "std": 0.0
      },
      "queue_occ": {
        "mean": 0.0154294,
        "std": 0.0036137289383682335
      }
    },
    "50.0": {
      "reward": {
        "mean": -3363.115234375,
        "std": 101.13264465332031
      },
      "cost": {
        "mean": 3343.4,
        "std": 99.49291432056857
      },
      "dropped": {
        "mean": 0.0,
        "std": 0.0
      },
      "queue_occ": {
        "mean": 0.0183484,
        "std": 0.004234544773644505
      }
    }
  }
}