{
  "baseline": {
    "5.0": {
      "reward": {
        "mean": -3590.977783203125,
        "std": 116.771240234375
      },
      "cost": {
        "mean": 3008.5,
        "std": 3.5
      },
      "dropped": {
        "mean": 116.0,
        "std": 24.0
      },
      "queue_occ": {
        "mean": 0.045541,
        "std": 0.0022770000000000012
      }
    },
    "10.0": {
      "reward": {
        "mean": -4170.9775390625,
        "std": 236.7713623046875
      },
      "cost": {
        "mean": 3008.5,
        "std": 3.5
      },
      "dropped": {
        "mean": 116.0,
        "std": 24.0
      },
      "queue_occ": {
        "mean": 0.045541,
        "std": 0.0022770000000000012
      }
    },
    "20.0": {
      "reward": {
        "mean": -5330.97705078125,
        "std": 476.77099609375
      },
      "cost": {
        "mean": 3008.5,
        "std": 3.5
      },
      "dropped": {
        "mean": 116.0,
        "std": 24.0
      },
      "queue_occ": {
        "mean": 0.045541,
        "std": 0.0022770000000000012
      }
    },
    "30.0": {
      "reward": {
        "mean": -6490.9775390625,
        "std": 716.771484375
      },
      "cost": {
        "mean": 3008.5,
        "std": 3.5
      },
      "dropped": {
        "mean": 116.0,
        "std": 24.0
      },
      "queue_occ": {
        "mean": 0.045541,
        "std": 0.0022770000000000012
      }
    },
    "50.0": {
      "reward": {
        "mean": -8810.9775390625,
        "std": 1196.771484375
      },
      "cost": {
        "mean": 3008.5,
        "std": 3.5
      },
      "dropped": {
        "mean": 116.0,
        "std": 24.0
      },
      "queue_occ": {
        "mean": 0.045541,
        "std": 0.0022770000000000012
      }
    }
  },
  "random": {
    "5.0": {
      "reward": {
        "mean": -37742.8125,
        "std": 223.826171875
      },
      "cost": {
        "mean": 4923.0,
        "std": 63.0
      },
      "dropped": {
        "mean": 6360.5,
        "std": 43.5
      },
      "queue_occ": {
        "mean": 0.121004,
        "std": 0.007351999999999997
      }
    },
    "10.0": {
      "reward": {
        "mean": -57553.21484375,
        "std": 20222.23046875
      },
      "cost": {
        "mean": 5150.5,
        "std": 352.5
      },
      "dropped": {
        "mean": 5140.5,
        "std": 2056.5
      },
      "queue_occ": {
        "mean": 0.11968599999999999,
        "std": 0.024925999999999997
      }
    },
    "20.0": {
      "reward": {
        "mean": -65146.4375,
        "std": 15036.388671875
      },
      "cost": {
        "mean": 5475.0,
        "std": 356.0
      },
      "dropped": {
        "mean": 2932.5,
        "std": 765.5
      },
      "queue_occ": {
        "mean": 0.081271,
        "std": 0.024121
      }
    },
    "30.0": {
      "reward": {
        "mean": -196313.5625,
        "std": 90692.28125
      },
      "cost": {
        "mean": 5372.0,
        "std": 188.0
      },
      "dropped": {
        "mean": 6333.0,
        "std": 3019.0
      },
      "queue_occ": {
        "mean": 0.10695299999999999,
        "std": 0.019032999999999994
      }
    },
    "50.0": {
      "reward": {
        "mean": -323388.59375,
        "std": 33138.15625
      },
      "cost": {
        "mean": 4303.0,
        "std": 265.0
      },
      "dropped": {
        "mean": 6364.0,
        "std": 668.0
      },
      "queue_occ": {
        "mean": 0.139795,
        "std": 0.01888100000000001
      }
    }
  },
  "dqn": {
    "5.0": {
      "reward": {
        "mean": -21152.3671875,
        "std": 2893.0283203125
      },
      "cost": {
        "mean": 1992.5,
        "std": 7.5
      },
      "dropped": {
        "mean": 3784.0,
        "std": 573.0
      },
      "queue_occ": {
        "mean": 0.213632,
        "std": 0.008540000000000006
      }
    },
    "10.0": {
      "reward": {
        "mean": -17532.0234375,
        "std": 866.3583984375
      },
      "cost": {
        "mean": 2148.0,
        "std": 79.0
      },
      "dropped": {
        "mean": 1484.0,
        "std": 94.0
      },
      "queue_occ": {
        "mean": 0.144158,
        "std": 0.0050160000000000066
      }
    },
    "20.0": {
      "reward": {
        "mean": -17631.48828125,
        "std": 7433.515625
      },
      "cost": {
        "mean": 2069.0,
        "std": 1.0
      },
      "dropped": {
        "mean": 758.0,
        "std": 368.0
      },
      "queue_occ": {
        "mean": 0.158181,
        "std": 0.026615
      }
    },
    "30.0": {
      "reward": {
        "mean": -10407.5693359375,
        "std": 3807.097900390625
      },
      "cost": {
        "mean": 5060.5,
        "std": 16.5
      },
      "dropped": {
        "mean": 149.5,
        "std": 129.5
      },
      "queue_occ": {
        "mean": 0.072324,
        "std": 0.013648000000000004
      }
    },
    "50.0": {
      "reward": {
        "mean": -21742.818359375,
        "std": 4966.87890625
      },
      "cost": {
        "mean": 9494.5,
        "std": 65.5
      },
      "dropped": {
        "mean": 235.5,
        "std": 101.5
      },
      "queue_occ": {
        "mean": 0.009549,
        "std": 0.0012849999999999997
      }
    }
  }
}