{
  "baseline": {
    "5.0": {
      "reward": {
        "mean": -3590.977783203125,
        "std": 116.771240234375
      },
      "cost": {
        "mean": 3008.5,
        "std": 3.5
      },
      "dropped": {
        "mean": 116.0,
        "std": 24.0
      },
      "queue_occ": {
        "mean": 0.045541,
        "std": 0.0022770000000000012
      }
    },
    "10.0": {
      "reward": {
        "mean": -4170.9775390625,
        "std": 236.7713623046875
      },
      "cost": {
        "mean": 3008.5,
        "std": 3.5
      },
      "dropped": {
        "mean": 116.0,
        "std": 24.0
      },
      "queue_occ": {
        "mean": 0.045541,
        "std": 0.0022770000000000012
      }
    },
    "20.0": {
      "reward": {
        "mean": -5330.97705078125,
        "std": 476.77099609375
      },
      "cost": {
        "mean": 3008.5,
        "std": 3.5
      },
      "dropped": {
        "mean": 116.0,
        "std": 24.0
      },
      "queue_occ": {
        "mean": 0.045541,
        "std": 0.0022770000000000012
      }
    },
    "30.0": {
      "reward": {
        "mean": -6490.9775390625,
        "std": 716.771484375
      },
      "cost": {
        "mean": 3008.5,
        "std": 3.5
      },
      "dropped": {
        "mean": 116.0,
        "std": 24.0
      },
      "queue_occ": {
        "mean": 0.045541,
        "std": 0.0022770000000000012
      }
    },
    "50.0": {
      "reward": {
        "mean": -8810.9775390625,
        "std": 1196.771484375
      },
      "cost": {
        "mean": 3008.5,
        "std": 3.5
      },
      "dropped": {
        "mean": 116.0,
        "std": 24.0
      },
      "queue_occ": {
        "mean": 0.045541,
        "std": 0.0022770000000000012
      }
    }
  },
  "random": {
    "5.0": {
      "reward": {
        "mean": -32282.71875,
        "std": 8399.96875
      },
      "cost": {
        "mean": 5313.0,
        "std": 739.0
      },
      "dropped": {
        "mean": 5200.5,
        "std": 1822.5
      },
      "queue_occ": {
        "mean": 0.11329600000000001,
        "std": 0.047234000000000005
      }
    },
    "10.0": {
      "reward": {
        "mean": -46784.23046875,
        "std": 14556.7763671875
      },
      "cost": {
        "mean": 4917.0,
        "std": 8.0
      },
      "dropped": {
        "mean": 4089.0,
        "std": 1460.0
      },
      "queue_occ": {
        "mean": 0.120857,
        "std": 0.020745
      }
    },
    "20.0": {
      "reward": {
        "mean": -130871.3125,
        "std": 43830.16796875
      },
      "cost": {
        "mean": 4623.5,
        "std": 406.5
      },
      "dropped": {
        "mean": 6269.5,
        "std": 2213.5
      },
      "queue_occ": {
        "mean": 0.124696,
        "std": 0.049803999999999994
      }
    },
    "30.0": {
      "reward": {
        "mean": -127635.7421875,
        "std": 33204.1484375
      },
      "cost": {
        "mean": 5109.5,
        "std": 155.5
      },
      "dropped": {
        "mean": 4051.5,
        "std": 1113.5
      },
      "queue_occ": {
        "mean": 0.104383,
        "std": 0.023198999999999997
      }
    },
    "50.0": {
      "reward": {
        "mean": -316762.5625,
        "std": 81434.03125
      },
      "cost": {
        "mean": 4733.5,
        "std": 156.5
      },
      "dropped": {
        "mean": 6221.5,
        "std": 1633.5
      },
      "queue_occ": {
        "mean": 0.167062,
        "std": 0.00424200000000001
      }
    }
  },
  "a2c": {
    "5.0": {
      "reward": {
        "mean": -3727.592529296875,
        "std": 78.1736068725586
      },
      "cost": {
        "mean": 3290.0,
        "std": 109.26847669845132
      },
      "dropped": {
        "mean": 0.0,
        "std": 0.0
      },
      "queue_occ": {
        "mean": 0.018223399999999997,
        "std": 0.005014049784355955
      }
    },
    "10.0": {
      "reward": {
        "mean": -4051.68359375,
        "std": 151.0289764404297
      },
      "cost": {
        "mean": 3690.0,
        "std": 120.61343208780687
      },
      "dropped": {
        "mean": 0.0,
        "std": 0.0
      },
      "queue_occ": {
        "mean": 0.0073246000000000006,
        "std": 0.0032018168654687294
      }
    },
    "20.0": {
      "reward": {
        "mean": -6063.0830078125,
        "std": 79.0494384765625
      },
      "cost": {
        "mean": 4731.5,
        "std": 128.43149925154654
      },
      "dropped": {
        "mean": 0.0,
        "std": 0.0
      },
      "queue_occ": {
        "mean": 0.0015865999999999999,
        "std": 0.002000412167529482
      }
    },
    "30.0": {
      "reward": {
        "mean": -7106.80322265625,
        "std": 102.2368392944336
      },
      "cost": {
        "mean": 5659.8,
        "std": 145.35941661963287
      },
      "dropped": {
        "mean": 0.0,
        "std": 0.0
      },
      "queue_occ": {
        "mean": 0.00018240000000000002,
        "std": 0.0002812768031672716
      }
    },
    "50.0": {
      "reward": {
        "mean": -6260.1845703125,
        "std": 136.82177734375
      },
      "cost": {
        "mean": 5418.1,
        "std": 135.74715466631335
      },
      "dropped": {
        "mean": 0.0,
        "std": 0.0
      },
      "queue_occ": {
        "mean": 0.0016937999999999999,
        "std": 0.002082125923185243
      }
    }
  },
  "double_dqn": {
    "5.0": {
      "reward": {
        "mean": -2456.39404296875,
        "std": 218.53158569335938
      },
      "cost": {
        "mean": 2240.1,
        "std": 74.01412027444493
      },
      "dropped": {
        "mean": 39.4,
        "std": 43.2416465921454
      },
      "queue_occ": {
        "mean": 0.0992378,
        "std": 0.012360004707118845
      }
    },
    "10.0": {
      "reward": {
        "mean": -2479.58447265625,
        "std": 108.42538452148438
      },
      "cost": {
        "mean": 2302.1,
        "std": 73.21263552147266
      },
      "dropped": {
        "mean": 2.6,
        "std": 4.903060268852505
      },
      "queue_occ": {
        "mean": 0.09675360000000002,
        "std": 0.008718666264974249
      }
    },
    "20.0": {
      "reward": {
        "mean": -2518.484619140625,
        "std": 62.365360260009766
      },
      "cost": {
        "mean": 2422.7,
        "std": 62.807722455124896
      },
      "dropped": {
        "mean": 0.0,
        "std": 0.0
      },
      "queue_occ": {
        "mean": 0.06903000000000001,
        "std": 0.00922243542671891
      }
    },
    "30.0": {
      "reward": {
        "mean": -4096.6181640625,
        "std": 1331.7799072265625
      },
      "cost": {
        "mean": 2196.8,
        "std": 76.48110877857354
      },
      "dropped": {
        "mean": 38.9,
        "std": 45.82237444742469
      },
      "queue_occ": {
        "mean": 0.11850400000000001,
        "std": 0.0159542777210377
      }
    },
    "50.0": {
      "reward": {
        "mean": -9594.015625,
        "std": 8865.1171875
      },
      "cost": {
        "mean": 2324.7,
        "std": 73.72523312950594
      },
      "dropped": {
        "mean": 143.4,
        "std": 177.587837421373
      },
      "queue_occ": {
        "mean": 0.1086544,
        "std": 0.009921888159014894
      }
    }
  },
  "dqn": {
    "5.0": {
      "reward": {
        "mean": -21152.3671875,
        "std": 2893.0283203125
      },
      "cost": {
        "mean": 1992.5,
        "std": 7.5
      },
      "dropped": {
        "mean": 3784.0,
        "std": 573.0
      },
      "queue_occ": {
        "mean": 0.213632,
        "std": 0.008540000000000006
      }
    },
    "10.0": {
      "reward": {
        "mean": -17532.0234375,
        "std": 866.3583984375
      },
      "cost": {
        "mean": 2148.0,
        "std": 79.0
      },
      "dropped": {
        "mean": 1484.0,
        "std": 94.0
      },
      "queue_occ": {
        "mean": 0.144158,
        "std": 0.0050160000000000066
      }
    },
    "20.0": {
      "reward": {
        "mean": -17631.48828125,