{
  "baseline": {
    "5.0": {
      "reward": {
        "mean": -3685.11083984375,
        "std": 520.8982543945312
      },
      "cost": {
        "mean": 3101.0,
        "std": 160.93849756972384
      },
      "dropped": {
        "mean": 116.0,
        "std": 126.50138339164516
      },
      "queue_occ": {
        "mean": 0.0432248,
        "std": 0.0049139356283940065
      }
    },
    "10.0": {
      "reward": {
        "mean": -4265.111328125,
        "std": 1147.422607421875
      },
      "cost": {
        "mean": 3101.0,
        "std": 160.93849756972384
      },
      "dropped": {
        "mean": 116.0,
        "std": 126.50138339164516
      },
      "queue_occ": {
        "mean": 0.0432248,
        "std": 0.0049139356283940065
      }
    },
    "20.0": {
      "reward": {
        "mean": -5425.11083984375,
        "std": 2409.865234375
      },
      "cost": {
        "mean": 3101.0,
        "std": 160.93849756972384
      },
      "dropped": {
        "mean": 116.0,
        "std": 126.50138339164516
      },
      "queue_occ": {
        "mean": 0.0432248,
        "std": 0.0049139356283940065
      }
    },
    "30.0": {
      "reward": {
        "mean": -6585.11083984375,
        "std": 3674.076416015625
      },
      "cost": {
        "mean": 3101.0,
        "std": 160.93849756972384
      },
      "dropped": {
        "mean": 116.0,
        "std": 126.50138339164516
      },
      "queue_occ": {
        "mean": 0.0432248,
        "std": 0.0049139356283940065
      }
    },
    "50.0": {
      "reward": {
        "mean": -8905.1103515625,
        "std": 6203.48095703125
      },
      "cost": {
        "mean": 3101.0,
        "std": 160.93849756972384
      },
      "dropped": {
        "mean": 116.0,
        "std": 126.50138339164516
      },
      "queue_occ": {
        "mean": 0.0432248,
        "std": 0.0049139356283940065
      }
    }
  },
  "random": {
    "5.0": {
      "reward": {
        "mean": -38209.44921875,
        "std": 16984.447265625
      },
      "cost": {
        "mean": 5232.7,
        "std": 717.7218193701513
      },
      "dropped": {
        "mean": 6406.9,
        "std": 3500.592505562451
      },
      "queue_occ": {
        "mean": 0.13893640000000002,
        "std": 0.06506666254726763
      }
    },
    "10.0": {
      "reward": {
        "mean": -51010.25390625,
        "std": 15588.35546875
      },
      "cost": {
        "mean": 4943.8,
        "std": 624.6496297925742
      },
      "dropped": {
        "mean": 4505.1,
        "std": 1590.5547114135998
      },
      "queue_occ": {
        "mean": 0.1176682,
        "std": 0.036557140319778844
      }
    },
    "20.0": {
      "reward": {
        "mean": -103743.4296875,
        "std": 30772.744140625
      },
      "cost": {
        "mean": 4995.4,
        "std": 422.7699610899526
      },
      "dropped": {
        "mean": 4892.4,
        "std": 1536.0128384880122
      },
      "queue_occ": {
        "mean": 0.1254844,
        "std": 0.03216767500208867
      }
    },
    "30.0": {
      "reward": {
        "mean": -154542.71875,
        "std": 123261.6484375
      },
      "cost": {
        "mean": 5034.3,
        "std": 837.8513054235817
      },
      "dropped": {
        "mean": 4951.9,
        "std": 4131.569760998838
      },
      "queue_occ": {
        "mean": 0.11915880000000001,
        "std": 0.07357198499537715
      }
    },
    "50.0": {
      "reward": {
        "mean": -266354.96875,
        "std": 115671.109375
      },
      "cost": {
        "mean": 5154.3,
        "std": 602.05548747603
      },
      "dropped": {
        "mean": 5204.6,
        "std": 2320.630397111957
      },
      "queue_occ": {
        "mean": 0.12066519999999999,
        "std": 0.04269325222748906
      }
    }
  },
  "a2c": {
    "5.0": {
      "reward": {
        "mean": -3727.592529296875,
        "std": 78.1736068725586
      },
      "cost": {
        "mean": 3290.0,
        "std": 109.26847669845132
      },
      "dropped": {
        "mean": 0.0,
        "std": 0.0
      },
      "queue_occ": {
        "mean": 0.018223399999999997,
        "std": 0.005014049784355955
      }
    },
    "10.0": {
      "reward": {
        "mean": -4051.68359375,
        "std": 151.0289764404297
      },
      "cost": {
        "mean": 3690.0,
        "std": 120.61343208780687
      },
      "dropped": {
        "mean": 0.0,
        "std": 0.0
      },
      "queue_occ": {
        "mean": 0.0073246000000000006,
        "std": 0.0032018168654687294
      }
    },
    "20.0": {
      "reward": {
        "mean": -6063.0830078125,
        "std": 79.0494384765625
      },
      "cost": {
        "mean": 4731.5,
        "std": 128.43149925154654
      },
      "dropped": {
        "mean": 0.0,
        "std": 0.0
      },
      "queue_occ": {
        "mean": 0.0015865999999999999,
        "std": 0.002000412167529482
      }
    },
    "30.0": {
      "reward": {
        "mean": -7106.80322265625,
        "std": 102.2368392944336
      },
      "cost": {
        "mean": 5659.8,
        "std": 145.35941661963287
      },
      "dropped": {
        "mean": 0.0,
        "std": 0.0
      },
      "queue_occ": {
        "mean": 0.00018240000000000002,
        "std": 0.0002812768031672716
      }
    },
    "50.0": {
      "reward": {
        "mean": -6260.1845703125,
        "std": 136.82177734375
      },
      "cost": {
        "mean": 5418.1,
        "std": 135.74715466631335
      },
      "dropped": {
        "mean": 0.0,
        "std": 0.0
      },
      "queue_occ": {
        "mean": 0.0016937999999999999,
        "std": 0.002082125923185243
      }
    }
  }
}