{
  "best_a2c_by_overall_score": {
    "return_mean": -3385.740596246719,
    "return_std": 627.565341315551,
    "latency_proxy_mean": 0.040706,
    "latency_proxy_std": 0.006563175603318868,
    "mean_queue_mean": 20.353,
    "mean_queue_std": 3.281587801659435,
    "cost_mean": 3132.8,
    "cost_std": 169.3552479257729,
    "dropped_requests_mean": 11.8,
    "dropped_requests_std": 25.830214865540704,
    "action_stability_mean": 0.7579579579579581,
    "action_stability_std": 0.006766944456919167,
    "action_switches_mean": 241.8,
    "action_switches_std": 6.760177512462228,
    "variant": "A2C Cost-Aware",
    "family": "A2C",
    "num_seeds": 5,
    "traffic_profile": "standard",
    "model_path": "./models/best_a2c_cost_aware/best_model.zip",
    "vecnorm_path": "./models/vecnormalize_a2c_cost_aware.pkl",
    "overall_score": 0.7762437343882727
  },
  "best_ppo_lstm_by_overall_score": {
    "return_mean": -2636.07551715374,
    "return_std": 114.61581661942645,
    "latency_proxy_mean": 0.0477856,
    "latency_proxy_std": 0.004727736329365251,
    "mean_queue_mean": 23.8928,
    "mean_queue_std": 2.363868164682625,
    "cost_mean": 2624.0,
    "cost_std": 105.48933595392475,
    "dropped_requests_mean": 0.2,
    "dropped_requests_std": 0.447213595499958,
    "action_stability_mean": 0.832032032032032,
    "action_stability_std": 0.011788885301651468,
    "action_switches_mean": 167.8,
    "action_switches_std": 11.77709641634983,
    "variant": "PPO-LSTM Stable",
    "family": "PPO-LSTM",
    "num_seeds": 5,
    "traffic_profile": "standard",
    "model_path": "./models/best_recurrent_ppo_stable/best_model.zip",
    "vecnorm_path": "./models/vecnormalize_recurrent_ppo_stable.pkl",
    "overall_score": 0.9209408132276107
  },
  "best_return_closer_to_zero": {
    "return_mean": -2604.2840852499007,
    "return_std": 101.75827192736884,
    "latency_proxy_mean": 0.051940799999999995,
    "latency_proxy_std": 0.008091558391311282,
    "mean_queue_mean": 25.9704,
    "mean_queue_std": 4.0457791956556415,
    "cost_mean": 2555.2,
    "cost_std": 94.95367291474301,
    "dropped_requests_mean": 0.0,
    "dropped_requests_std": 0.0,
    "action_stability_mean": 0.8042042042042041,
    "action_stability_std": 0.01618095747928746,
    "action_switches_mean": 195.6,
    "action_switches_std": 16.16477652180815,
    "variant": "PPO-LSTM Memory256",
    "family": "PPO-LSTM",
    "num_seeds": 5,
    "traffic_profile": "standard",
    "model_path": "./models/best_recurrent_ppo_memory256/best_model.zip",
    "vecnorm_path": "./models/vecnormalize_recurrent_ppo_memory256.pkl",
    "overall_score": 0.9168994138140882
  },
  "best_lowest_cost": {
    "return_mean": -3677.380547451973,
    "return_std": 1481.9974214012705,
    "latency_proxy_mean": 0.1292436,
    "latency_proxy_std": 0.022382443628880203,
    "mean_queue_mean": 64.62180000000001,
    "mean_queue_std": 11.1912218144401,
    "cost_mean": 2333.0,
    "cost_std": 83.5374167663808,
    "dropped_requests_mean": 57.8,
    "dropped_requests_std": 71.05772301446198,
    "action_stability_mean": 0.70990990990991,
    "action_stability_std": 0.03206642297965175,
    "action_switches_mean": 289.8,
    "action_switches_std": 32.03435655667209,
    "variant": "PPO-LSTM Balanced",
    "family": "PPO-LSTM",
    "num_seeds": 5,
    "traffic_profile": "standard",
    "model_path": "./models/best_recurrent_ppo_balanced/best_model.zip",
    "vecnorm_path": "./models/vecnormalize_recurrent_ppo_balanced.pkl",
    "overall_score": 0.6051743393028411
  },
  "best_lowest_dropped_requests": {
    "return_mean": -4026.503268098831,
    "return_std": 229.0247371722904,
    "latency_proxy_mean": 0.0050624,
    "latency_proxy_std": 0.0010444552647193653,
    "mean_queue_mean": 2.5312,
    "mean_queue_std": 0.5222276323596827,
    "cost_mean": 3903.4,
    "cost_std": 205.65334910961212,
    "dropped_requests_mean": 0.0,
    "dropped_requests_std": 0.0,
    "action_stability_mean": 0.6542542542542542,
    "action_stability_std": 0.0039789002831534985,
    "action_switches_mean": 345.4,
    "action_switches_std": 3.9749213828703582,
    "variant": "A2C Original",
    "family": "A2C",
    "num_seeds": 5,
    "traffic_profile": "standard",
    "model_path": "./models/best_a2c/best_model.zip",
    "vecnorm_path": "./models/vecnormalize_a2c.pkl",
    "overall_score": 0.6896949288333502
  },
  "best_lowest_latency_proxy": {
    "return_mean": -5758.039128446579,
    "return_std": 141.24568655710655,
    "latency_proxy_mean": 0.0018884000000000001,
    "latency_proxy_std": 0.0014051159382769808,
    "mean_queue_mean": 0.9442,
    "mean_queue_std": 0.7025579691384904,
    "cost_mean": 4710.0,
    "cost_std": 249.26592225974252,
    "dropped_requests_mean": 0.0,
    "dropped_requests_std": 0.0,
    "action_stability_mean": 0.548948948948949,
    "action_stability_std": 0.036178951396243365,
    "action_switches_mean": 450.6,
    "action_switches_std": 36.14277244484712,
    "variant": "A2C Low-LR-Stable",
    "family": "A2C",
    "num_seeds": 5,
    "traffic_profile": "standard",
    "model_path": "./models/best_a2c_low_lr_stable/best_model.zip",
    "vecnorm_path": "./models/vecnormalize_a2c_low_lr_stable.pkl",
    "overall_score": 0.42262658227848104
  },
  "best_highest_action_stability": {
    "return_mean": -2928.7346564769746,
    "return_std": 113.68388641701844,
    "latency_proxy_mean": 0.0316548,
    "latency_proxy_std": 0.003261647927045467,
    "mean_queue_mean": 15.827399999999997,
    "mean_queue_std": 1.6308239635227335,
    "cost_mean": 2895.4,
    "cost_std": 105.02999571550977,
    "dropped_requests_mean": 0.2,
    "dropped_requests_std": 0.447213595499958,
    "action_stability_mean": 0.8426426426426425,
    "action_stability_std": 0.006386041204298918,
    "action_switches_mean": 157.2,
    "action_switches_std": 6.379655163094632,
    "variant": "PPO-LSTM Long-Sequence",
    "family": "PPO-LSTM",
    "num_seeds": 5,
    "traffic_profile": "standard",
    "model_path": "./models/best_recurrent_ppo_long_sequence/best_model.zip",
    "vecnorm_path": "./models/vecnormalize_recurrent_ppo_long_sequence.pkl",
    "overall_score": 0.8931295656130692
  }
}