{
  "baseline": {
    "5.0": {
      "reward": {
        "mean": -3685.237060546875,
        "std": 507.18853759765625
      },
      "cost": {
        "mean": 3234.1,
        "std": 114.880329038526
      },
      "dropped": {
        "mean": 89.3,
        "std": 83.96910146000134
      },
      "queue_occ": {
        "mean": 0.044808,
        "std": 0.003050246678549131
      }
    },
    "10.0": {
      "reward": {
        "mean": -4131.7373046875,
        "std": 923.9214477539062
      },
      "cost": {
        "mean": 3234.1,
        "std": 114.880329038526
      },
      "dropped": {
        "mean": 89.3,
        "std": 83.96910146000134
      },
      "queue_occ": {
        "mean": 0.044808,
        "std": 0.003050246678549131
      }
    },
    "20.0": {
      "reward": {
        "mean": -5024.736328125,
        "std": 1761.8258056640625
      },
      "cost": {
        "mean": 3234.1,
        "std": 114.880329038526
      },
      "dropped": {
        "mean": 89.3,
        "std": 83.96910146000134
      },
      "queue_occ": {
        "mean": 0.044808,
        "std": 0.003050246678549131
      }
    },
    "30.0": {
      "reward": {
        "mean": -5917.73583984375,
        "std": 2600.882080078125
      },
      "cost": {
        "mean": 3234.1,
        "std": 114.880329038526
      },
      "dropped": {
        "mean": 89.3,
        "std": 83.96910146000134
      },
      "queue_occ": {
        "mean": 0.044808,
        "std": 0.003050246678549131
      }
    },
    "50.0": {
      "reward": {
        "mean": -7703.7373046875,
        "std": 4279.74462890625
      },
      "cost": {
        "mean": 3234.1,
        "std": 114.880329038526
      },
      "dropped": {
        "mean": 89.3,
        "std": 83.96910146000134
      },
      "queue_occ": {
        "mean": 0.044808,
        "std": 0.003050246678549131
      }
    }
  },
  "random": {
    "5.0": {
      "reward": {
        "mean": -28375.943359375,
        "std": 13097.5556640625
      },
      "cost": {
        "mean": 5264.1,
        "std": 633.4825096243778
      },
      "dropped": {
        "mean": 4433.3,
        "std": 2713.9168391828075
      },
      "queue_occ": {
        "mean": 0.10920540000000001,
        "std": 0.04453335057729207
      }
    },
    "10.0": {
      "reward": {
        "mean": -58832.13671875,
        "std": 32417.408203125
      },
      "cost": {
        "mean": 5223.1,
        "std": 779.666140088179
      },
      "dropped": {
        "mean": 5263.9,
        "std": 3296.353210746688
      },
      "queue_occ": {
        "mean": 0.114703,
        "std": 0.056293786870311
      }
    },
    "20.0": {
      "reward": {
        "mean": -90601.0546875,
        "std": 43612.95703125
      },
      "cost": {
        "mean": 5151.0,
        "std": 730.9192841894377
      },
      "dropped": {
        "mean": 4224.1,
        "std": 2196.1001548199024
      },
      "queue_occ": {
        "mean": 0.1061442,
        "std": 0.042264421826874676
      }
    },
    "30.0": {
      "reward": {
        "mean": -241466.15625,
        "std": 191773.84375
      },
      "cost": {
        "mean": 4857.6,
        "std": 584.0580793037624
      },
      "dropped": {
        "mean": 7856.0,
        "std": 6404.109789814663
      },
      "queue_occ": {
        "mean": 0.14946700000000002,
        "std": 0.08115906812796708
      }
    },
    "50.0": {
      "reward": {
        "mean": -248448.953125,
        "std": 139712.515625
      },
      "cost": {
        "mean": 5556.3,
        "std": 500.7142997758302
      },
      "dropped": {
        "mean": 4838.5,
        "std": 2798.2624340829793
      },
      "queue_occ": {
        "mean": 0.10902200000000002,
        "std": 0.0448050361990703
      }
    }
  },
  "ppo": {
    "5.0": {
      "reward": {
        "mean": -2976.70703125,
        "std": 106.139404296875
      },
      "cost": {
        "mean": 2942.7,
        "std": 102.33577087216375
      },
      "dropped": {
        "mean": 2.4,
        "std": 7.200000000000001
      },
      "queue_occ": {
        "mean": 0.042242800000000004,
        "std": 0.004313649610248844
      }
    },
    "10.0": {
      "reward": {
        "mean": -3362.58935546875,
        "std": 71.01271057128906
      },
      "cost": {
        "mean": 3346.0,
        "std": 70.92813264142798
      },
      "dropped": {
        "mean": 0.0,
        "std": 0.0
      },
      "queue_occ": {
        "mean": 0.016352,
        "std": 0.002206678408830793
      }
    },
    "20.0": {
      "reward": {
        "mean": -3329.952392578125,
        "std": 128.98365783691406
      },
      "cost": {
        "mean": 3296.0,
        "std": 128.17175976009693
      },
      "dropped": {
        "mean": 0.0,
        "std": 0.0
      },
      "queue_occ": {
        "mean": 0.0252728,
        "std": 0.0039996285027487245
      }
    },
    "30.0": {
      "reward": {
        "mean": -3687.063720703125,
        "std": 101.73589324951172
      },
      "cost": {
        "mean": 3680.7,
        "std": 100.44605517390914
      },
      "dropped": {
        "mean": 0.0,
        "std": 0.0
      },
      "queue_occ": {
        "mean": 0.0088978,
        "std": 0.0036781976510242074
      }
    },
    "50.0": {
      "reward": {
        "mean": -3751.14990234375,
        "std": 372.6230773925781
      },
      "cost": {
        "mean": 3630.7,
        "std": 69.60466938359811
      },
      "dropped": {
        "mean": 2.4,
        "std": 7.200000000000001
      },
      "queue_occ": {
        "mean": 0.009836000000000001,
        "std": 0.0014271190560005847
      }
    }
  },
  "dqn": {
    "5.0": {
      "reward": {
        "mean": -2721.24072265625,
        "std": 337.4917907714844
      },
      "cost": {
        "mean": 2294.1,
        "std": 56.72468598414627
      },
      "dropped": {
        "mean": 77.3,
        "std": 65.22123887201163
      },
      "queue_occ": {
        "mean": 0.1242406,
        "std": 0.020228251947214816
      }
    },
    "10.0": {
      "reward": {
        "mean": -7338.37109375,
        "std": 1233.463134765625
      },
      "cost": {
        "mean": 2370.0,
        "std": 66.75327707311455
      },
      "dropped": {
        "mean": 460.6,
        "std": 126.48335858918358
      },
      "queue_occ": {
        "mean": 0.1412464,
        "std": 0.01463038478783111
      }
    },
    "20.0": {
      "reward": {
        "mean": -4250.25390625,
        "std": 2224.725341796875
      },
      "cost": {
        "mean": 2419.1,
        "std": 73.7583215644174
      },
      "dropped": {
        "mean": 81.4,
        "std": 111.10283524735091
      },
      "queue_occ": {
        "mean": 0.106231,
        "std": 0.00991785937589357
      }
    },
    "30.0": {
      "reward": {
        "mean": -3110.62744140625,
        "std": 536.87744140625
      },
      "cost": {
        "mean": 2548.2,
        "std": 294.095834720589
      },
      "dropped": {
        "mean": 6.3,
        "std": 13.03878828726044
      },
      "queue_occ": {
        "mean": 0.1144922,
        "std": 0.014834130468618647
      }
    },
    "50.0": {
      "reward": {
        "mean": -7152.84765625,
        "std": 6223.7255859375
      },
      "cost": {
        "mean": 2841.7,
        "std": 60.55419060643119
      },
      "dropped": {
        "mean": 79.6,
        "std": 124.09689762439672
      },
      "queue_occ": {
        "mean": 0.08517640000000001,
        "std": 0.01736858402518755
      }
    }
  }
}