{
  "reward": {
    "mean": -9122.68776596,
    "std": 5287.151693666272
  },
  "cost": {
    "mean": 3213.6,
    "std": 193.92328380057924
  },
  "dropped": {
    "mean": 118.1,
    "std": 107.68607152273687
  },
  "queue": {
    "mean": 21.9651,
    "std": 2.6513663062655066
  },
  "n_episodes": 10,
  "episode_length": 1000
}