{
  "Baseline": {
    "reward": [
      -5063.675442230701,
      1663.4019539109856
    ],
    "cost": [
      3268.0,
      137.6880532217665
    ],
    "dropped": [
      89.6,
      83.40407663897491
    ],
    "queue_occ": [
      0.0470482,
      0.004538920968688483
    ]
  },
  "Random": {
    "reward": [
      -87085.96657660007,
      63916.534476334135
    ],
    "cost": [
      5357.4,
      398.7541096966902
    ],
    "dropped": [
      4038.8,
      3207.966951201337
    ],
    "queue_occ": [
      0.0936198,
      0.04507890816290918
    ]
  },
  "PPO": {
    "reward": [
      -2854.50343105793,
      86.67766729516818
    ],
    "cost": [
      2835.8,
      88.38981841818661
    ],
    "dropped": [
      0.0,
      0.0
    ],
    "queue_occ": [
      0.04071000000000001,
      0.0048772396291344965
    ]
  },
  "DQN": {
    "reward": [
      -3512.057882332802,
      688.2087841357983
    ],
    "cost": [
      2832.0,
      84.27929757656977
    ],
    "dropped": [
      14.1,
      31.52284885602823
    ],
    "queue_occ": [
      0.06463719999999999,
      0.006049607736043718
    ]
  },
  "A2C": {
    "reward": [
      -4055.634364771843,
      145.32259946742528
    ],
    "cost": [
      3924.5,
      138.47544908755486
    ],
    "dropped": [
      0.0,
      0.0
    ],
    "queue_occ": [
      0.0061158,
      0.0014441649351788044
    ]
  },
  "PPO-LSTM": {
    "reward": [
      -2489.274995470047,
      122.66989524982455
    ],
    "cost": [
      2356.0,
      66.8789952077631
    ],
    "dropped": [
      2.8,
      4.534313619501853
    ],
    "queue_occ": [
      0.11398380000000001,
      0.014595373690317083
    ]
  }
}