{
  "baseline": {
    "0": {
      "reward": {
        "mean": -2942.525146484375,
        "std": 96.28268432617188
      },
      "cost": {
        "mean": 2938.9,
        "std": 94.01218006194729
      },
      "dropped": {
        "mean": 0.0,
        "std": 0.0
      },
      "queue_occ": {
        "mean": 0.0220682,
        "std": 0.0024867639132012506
      }
    },
    "1": {
      "reward": {
        "mean": -2942.525146484375,
        "std": 96.28268432617188
      },
      "cost": {
        "mean": 2938.9,
        "std": 94.01218006194729
      },
      "dropped": {
        "mean": 0.0,
        "std": 0.0
      },
      "queue_occ": {
        "mean": 0.0220682,
        "std": 0.0024867639132012506
      }
    },
    "3": {
      "reward": {
        "mean": -7703.7373046875,
        "std": 4279.74462890625
      },
      "cost": {
        "mean": 3234.1,
        "std": 114.880329038526
      },
      "dropped": {
        "mean": 89.3,
        "std": 83.96910146000134
      },
      "queue_occ": {
        "mean": 0.044808,
        "std": 0.003050246678549131
      }
    },
    "5": {
      "reward": {
        "mean": -42036.3046875,
        "std": 10659.40234375
      },
      "cost": {
        "mean": 3364.9,
        "std": 68.04770385545716
      },
      "dropped": {
        "mean": 773.3,
        "std": 213.27308784748254
      },
      "queue_occ": {
        "mean": 0.0669388,
        "std": 0.005328774808527754
      }
    },
    "10": {
      "reward": {
        "mean": -125546.6875,
        "std": 39649.44921875
      },
      "cost": {
        "mean": 3292.7,
        "std": 128.0875091490189
      },
      "dropped": {
        "mean": 2444.9,
        "std": 794.3731427987732
      },
      "queue_occ": {
        "mean": 0.104125,
        "std": 0.010707329125416849
      }
    }
  },
  "random": {
    "0": {
      "reward": {
        "mean": -266137.5,
        "std": 221196.53125
      },
      "cost": {
        "mean": 5601.0,
        "std": 680.44411967479
      },
      "dropped": {
        "mean": 5191.1,
        "std": 4435.420215718011
      },
      "queue_occ": {
        "mean": 0.10676079999999999,
        "std": 0.06559508979916104
      }
    },
    "1": {
      "reward": {
        "mean": -232145.75,
        "std": 133623.484375
      },
      "cost": {
        "mean": 5585.4,
        "std": 516.4612666986751
      },
      "dropped": {
        "mean": 4510.7,
        "std": 2678.5185102963164
      },
      "queue_occ": {
        "mean": 0.10410139999999998,
        "std": 0.0442044147302054
      }
    },
    "3": {
      "reward": {
        "mean": -352779.4375,
        "std": 152918.0
      },
      "cost": {
        "mean": 4987.7,
        "std": 618.0001699028893
      },
      "dropped": {
        "mean": 6937.6,
        "std": 3068.2032266458496
      },
      "queue_occ": {
        "mean": 0.1478214,
        "std": 0.0638253354024873
      }
    },
    "5": {
      "reward": {
        "mean": -304578.5,
        "std": 165189.359375
      },
      "cost": {
        "mean": 4861.3,
        "std": 449.4770405704834
      },
      "dropped": {
        "mean": 5975.0,
        "std": 3306.896611628492
      },
      "queue_occ": {
        "mean": 0.11984959999999997,
        "std": 0.04923404205059747
      }
    },
    "10": {
      "reward": {
        "mean": -495850.5,
        "std": 180832.828125
      },
      "cost": {
        "mean": 4050.5,
        "std": 526.5638137965806
      },
      "dropped": {
        "mean": 9817.8,
        "std": 3624.051373808048
      },
      "queue_occ": {
        "mean": 0.1764078,
        "std": 0.0541718575457774
      }
    }
  },
  "ppo": {
    "0": {
      "reward": {
        "mean": -2628.84130859375,
        "std": 80.13805389404297
      },
      "cost": {
        "mean": 2609.1,
        "std": 78.16194726335829
      },
      "dropped": {
        "mean": 0.0,
        "std": 0.0
      },
      "queue_occ": {
        "mean": 0.028226599999999998,
        "std": 0.004902199102443719
      }
    },
    "1": {
      "reward": {
        "mean": -2628.84130859375,
        "std": 80.13805389404297
      },
      "cost": {
        "mean": 2609.1,
        "std": 78.16194726335829
      },
      "dropped": {
        "mean": 0.0,
        "std": 0.0
      },
      "queue_occ": {
        "mean": 0.028226599999999998,
        "std": 0.004902199102443719
      }
    },
    "3": {
      "reward": {
        "mean": -2569.66552734375,
        "std": 73.75282287597656
      },
      "cost": {
        "mean": 2557.5,
        "std": 71.15792296013143
      },
      "dropped": {
        "mean": 0.0,
        "std": 0.0
      },
      "queue_occ": {
        "mean": 0.0660878,
        "std": 0.011074021508015957
      }
    },
    "5": {
      "reward": {
        "mean": -17386.30859375,
        "std": 5690.74951171875
      },
      "cost": {
        "mean": 2495.1,
        "std": 75.47906994657527
      },
      "dropped": {
        "mean": 297.5,
        "std": 113.87295552500602
      },
      "queue_occ": {
        "mean": 0.0987142,
        "std": 0.01160134997144729
      }
    },
    "10": {
      "reward": {
        "mean": -136390.71875,
        "std": 33195.8984375
      },
      "cost": {
        "mean": 2384.0,
        "std": 59.356549764958544
      },
      "dropped": {
        "mean": 2679.6,
        "std": 663.4262882943365
      },
      "queue_occ": {
        "mean": 0.13800559999999998,
        "std": 0.02258116554653458
      }
    }
  },
  "dqn": {
    "0": {
      "reward": {
        "mean": -3514.41650390625,
        "std": 230.94944763183594
      },
      "cost": {
        "mean": 2940.5,
        "std": 97.0043813443496
      },
      "dropped": {
        "mean": 0.8,
        "std": 2.4000000000000004
      },
      "queue_occ": {
        "mean": 0.0443436,
        "std": 0.007978749165126073
      }
    },
    "1": {
      "reward": {
        "mean": -3514.41650390625,
        "std": 230.94944763183594
      },
      "cost": {
        "mean": 2940.5,
        "std": 97.0043813443496
      },
      "dropped": {
        "mean": 0.8,
        "std": 2.4000000000000004
      },
      "queue_occ": {
        "mean": 0.0443436,
        "std": 0.007978749165126073
      }
    },
    "3": {
      "reward": {
        "mean": -4414.9052734375,
        "std": 2596.665283203125
      },
      "cost": {
        "mean": 2799.8,
        "std": 82.37815244347254
      },
      "dropped": {
        "mean": 23.8,
        "std": 50.69477290608963
      },
      "queue_occ": {
        "mean": 0.065378,
        "std": 0.011409012963442542
      }
    },
    "5": {
      "reward": {
        "mean": -19880.609375,
        "std": 13225.8076171875
      },
      "cost": {
        "mean": 2726.4,
        "std": 76.81041596033704
      },
      "dropped": {
        "mean": 335.6,
        "std": 265.05176852833864
      },
      "queue_occ": {
        "mean": 0.09121359999999999,
        "std": 0.011840533224479376
      }
    },
    "10": {
      "reward": {
        "mean": -196057.328125,
        "std": 62547.37109375
      },
      "cost": {
        "mean": 2391.8,
        "std": 127.87478250225882
      },
      "dropped": {
        "mean": 3867.3,
        "std": 1251.7216184120173
      },
      "queue_occ": {
        "mean": 0.1899792,
        "std": 0.02636658964978217
      }
    }
  }
}