{
  "baseline": {
    "0": {
      "reward": {
        "mean": -2851.274169921875,
        "std": 106.9455795288086
      },
      "cost": {
        "mean": 2847.6,
        "std": 105.98226266691988
      },
      "dropped": {
        "mean": 0.0,
        "std": 0.0
      },
      "queue_occ": {
        "mean": 0.0227062,
        "std": 0.0020287445280271245
      }
    },
    "1": {
      "reward": {
        "mean": -2851.274169921875,
        "std": 106.9455795288086
      },
      "cost": {
        "mean": 2847.6,
        "std": 105.98226266691988
      },
      "dropped": {
        "mean": 0.0,
        "std": 0.0
      },
      "queue_occ": {
        "mean": 0.0227062,
        "std": 0.0020287445280271245
      }
    },
    "3": {
      "reward": {
        "mean": -5425.11083984375,
        "std": 2409.865234375
      },
      "cost": {
        "mean": 3101.0,
        "std": 160.93849756972384
      },
      "dropped": {
        "mean": 116.0,
        "std": 126.50138339164516
      },
      "queue_occ": {
        "mean": 0.0432248,
        "std": 0.0049139356283940065
      }
    },
    "5": {
      "reward": {
        "mean": -16483.025390625,
        "std": 5634.58740234375
      },
      "cost": {
        "mean": 3222.0,
        "std": 183.81730060035156
      },
      "dropped": {
        "mean": 662.8,
        "std": 289.17773081618856
      },
      "queue_occ": {
        "mean": 0.0613654,
        "std": 0.0065262503200536216
      }
    },
    "10": {
      "reward": {
        "mean": -44801.32421875,
        "std": 18374.857421875
      },
      "cost": {
        "mean": 3204.3,
        "std": 198.00002525252364
      },
      "dropped": {
        "mean": 2079.4,
        "std": 923.9470980526969
      },
      "queue_occ": {
        "mean": 0.0970794,
        "std": 0.011376162729145536
      }
    }
  },
  "random": {
    "0": {
      "reward": {
        "mean": -95698.2265625,
        "std": 57448.6484375
      },
      "cost": {
        "mean": 5411.1,
        "std": 737.7230442381476
      },
      "dropped": {
        "mean": 4462.1,
        "std": 2899.883702840512
      },
      "queue_occ": {
        "mean": 0.10725180000000001,
        "std": 0.054317285266846684
      }
    },
    "1": {
      "reward": {
        "mean": -121332.0234375,
        "std": 56543.72265625
      },
      "cost": {
        "mean": 5567.5,
        "std": 751.7893654475301
      },
      "dropped": {
        "mean": 5738.0,
        "std": 2852.8027621972046
      },
      "queue_occ": {
        "mean": 0.1185972,
        "std": 0.0509678072606621
      }
    },
    "3": {
      "reward": {
        "mean": -126205.8984375,
        "std": 39944.890625
      },
      "cost": {
        "mean": 4898.8,
        "std": 414.3413568544661
      },
      "dropped": {
        "mean": 6015.9,
        "std": 2003.9790642618998
      },
      "queue_occ": {
        "mean": 0.12290660000000002,
        "std": 0.03521462720007128
      }
    },
    "5": {
      "reward": {
        "mean": -101349.234375,
        "std": 44889.17578125
      },
      "cost": {
        "mean": 4764.4,
        "std": 603.4182960434661
      },
      "dropped": {
        "mean": 4782.4,
        "std": 2266.008746673322
      },
      "queue_occ": {
        "mean": 0.1210582,
        "std": 0.05282791703976222
      }
    },
    "10": {
      "reward": {
        "mean": -139744.59375,
        "std": 52792.1484375
      },
      "cost": {
        "mean": 4036.3,
        "std": 594.1365247146483
      },
      "dropped": {
        "mean": 6739.4,
        "std": 2659.874290262606
      },
      "queue_occ": {
        "mean": 0.162036,
        "std": 0.06583724514892766
      }
    }
  },
  "ppo": {
    "0": {
      "reward": {
        "mean": -2791.83984375,
        "std": 100.61711120605469
      },
      "cost": {
        "mean": 2767.0,
        "std": 104.47487736293353
      },
      "dropped": {
        "mean": 0.0,
        "std": 0.0
      },
      "queue_occ": {
        "mean": 0.0143382,
        "std": 0.001517404744951063
      }
    },
    "1": {
      "reward": {
        "mean": -2791.83984375,
        "std": 100.61711120605469
      },
      "cost": {
        "mean": 2767.0,
        "std": 104.47487736293353
      },
      "dropped": {
        "mean": 0.0,
        "std": 0.0
      },
      "queue_occ": {
        "mean": 0.0143382,
        "std": 0.001517404744951063
      }
    },
    "3": {
      "reward": {
        "mean": -2874.35009765625,
        "std": 238.37664794921875
      },
      "cost": {
        "mean": 2762.2,
        "std": 111.30031446496456
      },
      "dropped": {
        "mean": 4.8,
        "std": 9.6
      },
      "queue_occ": {
        "mean": 0.03866699999999999,
        "std": 0.0035880504177059724
      }
    },
    "5": {
      "reward": {
        "mean": -9372.501953125,
        "std": 1931.2603759765625
      },
      "cost": {
        "mean": 2724.0,
        "std": 101.36271503861762
      },
      "dropped": {
        "mean": 331.8,
        "std": 98.93108712634265
      },
      "queue_occ": {
        "mean": 0.06334440000000001,
        "std": 0.004733106616166594
      }
    },
    "10": {
      "reward": {
        "mean": -41880.0,
        "std": 15148.7822265625
      },
      "cost": {
        "mean": 2683.0,
        "std": 115.71430335096868
      },
      "dropped": {
        "mean": 1959.0,
        "std": 757.497854782441
      },
      "queue_occ": {
        "mean": 0.10388300000000002,
        "std": 0.013118182656145632
      }
    }
  },
  "recurrent_ppo": {
    "0": {
      "reward": {
        "mean": -2652.218994140625,
        "std": 78.98030853271484
      },
      "cost": {
        "mean": 2423.8,
        "std": 61.745931040028864
      },
      "dropped": {
        "mean": 0.0,
        "std": 0.0
      },
      "queue_occ": {
        "mean": 0.0564262,
        "std": 0.005996141255841125
      }
    },
    "1": {
      "reward": {
        "mean": -2652.218994140625,
        "std": 78.98030853271484
      },
      "cost": {
        "mean": 2423.8,
        "std": 61.745931040028864
      },
      "dropped": {
        "mean": 0.0,
        "std": 0.0
      },
      "queue_occ": {
        "mean": 0.0564262,
        "std": 0.005996141255841125
      }
    },
    "3": {
      "reward": {
        "mean": -3535.92626953125,
        "std": 1888.17626953125
      },
      "cost": {
        "mean": 2283.5,
        "std": 53.31463213790376
      },
      "dropped": {
        "mean": 58.8,
        "std": 95.48172600031904
      },
      "queue_occ": {
        "mean": 0.108396,
        "std": 0.013246264741428053
      }
    },
    "5": {
      "reward": {
        "mean": -18109.681640625,
        "std": 8621.0439453125
      },
      "cost": {
        "mean": 2242.6,
        "std": 36.519036131858684
      },
      "dropped": {
        "mean": 789.8,
        "std": 430.3939590654125
      },
      "queue_occ": {
        "mean": 0.1414482,
        "std": 0.021623763399556514
      }
    },
    "10": {
      "reward": {
        "mean": -105688.765625,
        "std": 28221.955078125
      },
      "cost": {
        "mean": 2002.1,
        "std": 68.61115069724454
      },
      "dropped": {
        "mean": 5180.1,
        "std": 1410.855658811347
      },
      "queue_occ": {
        "mean": 0.20949879999999999,
        "std": 0.0337184430031993
      }
    }
  },
  "a2c": {
    "0": {
      "reward": {
        "mean": -4281.92431640625,
        "std": 130.23683166503906
      },
      "cost": {
        "mean": 3994.9,
        "std": 124.48329205158417
      },
      "dropped": {
        "mean": 0.0,
        "std": 0.0
      },
      "queue_occ": {
        "mean": 0.0015702000000000001,
        "std": 0.0007890066919868297
      }
    },
    "1": {
      "reward": {
        "mean": -4281.92431640625,
        "std": 130.23683166503906
      },
      "cost": {
        "mean": 3994.9,
        "std": 124.48329205158417
      },