{
  "baseline": {
    "5.0": {
      "reward": {
        "mean": -3685.11083984375,
        "std": 520.8982543945312
      },
      "cost": {
        "mean": 3101.0,
        "std": 160.93849756972384
      },
      "dropped": {
        "mean": 116.0,
        "std": 126.50138339164516
      },
      "queue_occ": {
        "mean": 0.0432248,
        "std": 0.0049139356283940065
      }
    },
    "10.0": {
      "reward": {
        "mean": -4265.111328125,
        "std": 1147.422607421875
      },
      "cost": {
        "mean": 3101.0,
        "std": 160.93849756972384
      },
      "dropped": {
        "mean": 116.0,
        "std": 126.50138339164516
      },
      "queue_occ": {
        "mean": 0.0432248,
        "std": 0.0049139356283940065
      }
    },
    "20.0": {
      "reward": {
        "mean": -5425.11083984375,
        "std": 2409.865234375
      },
      "cost": {
        "mean": 3101.0,
        "std": 160.93849756972384
      },
      "dropped": {
        "mean": 116.0,
        "std": 126.50138339164516
      },
      "queue_occ": {
        "mean": 0.0432248,
        "std": 0.0049139356283940065
      }
    },
    "30.0": {
      "reward": {
        "mean": -6585.11083984375,
        "std": 3674.076416015625
      },
      "cost": {
        "mean": 3101.0,
        "std": 160.93849756972384
      },
      "dropped": {
        "mean": 116.0,
        "std": 126.50138339164516
      },
      "queue_occ": {
        "mean": 0.0432248,
        "std": 0.0049139356283940065
      }
    },
    "50.0": {
      "reward": {
        "mean": -8905.1103515625,
        "std": 6203.48095703125
      },
      "cost": {
        "mean": 3101.0,
        "std": 160.93849756972384
      },
      "dropped": {
        "mean": 116.0,
        "std": 126.50138339164516
      },
      "queue_occ": {
        "mean": 0.0432248,
        "std": 0.0049139356283940065
      }
    }
  },
  "random": {
    "5.0": {
      "reward": {
        "mean": -27037.72265625,
        "std": 12284.232421875
      },
      "cost": {
        "mean": 4960.6,
        "std": 693.7668484440576
      },
      "dropped": {
        "mean": 4220.8,
        "std": 2542.568417958502
      },
      "queue_occ": {
        "mean": 0.10176400000000001,
        "std": 0.04863971270474364
      }
    },
    "10.0": {
      "reward": {
        "mean": -62537.82421875,
        "std": 28692.05859375
      },
      "cost": {
        "mean": 4891.5,
        "std": 596.7964896009358
      },
      "dropped": {
        "mean": 5669.1,
        "std": 2910.517907520928
      },
      "queue_occ": {
        "mean": 0.1337682,
        "std": 0.04803460180703073
      }
    },
    "20.0": {
      "reward": {
        "mean": -109294.171875,
        "std": 57623.8828125
      },
      "cost": {
        "mean": 5093.5,
        "std": 905.6216925405442
      },
      "dropped": {
        "mean": 5159.8,
        "std": 2914.313977594041
      },
      "queue_occ": {
        "mean": 0.1224064,
        "std": 0.06728606712715494
      }
    },
    "30.0": {
      "reward": {
        "mean": -163058.453125,
        "std": 68716.234375
      },
      "cost": {
        "mean": 4734.7,
        "std": 610.1465479702397
      },
      "dropped": {
        "mean": 5245.8,
        "std": 2306.2234410394844
      },
      "queue_occ": {
        "mean": 0.12664060000000002,
        "std": 0.05073141685425314
      }
    },
    "50.0": {
      "reward": {
        "mean": -294164.5625,
        "std": 134482.390625
      },
      "cost": {
        "mean": 4653.3,
        "std": 444.6126516418533
      },
      "dropped": {
        "mean": 5771.1,
        "std": 2694.341865836627
      },
      "queue_occ": {
        "mean": 0.1353654,
        "std": 0.05267048016526904
      }
    }
  },
  "ppo": {
    "5.0": {
      "reward": {
        "mean": -3025.1884765625,
        "std": 226.367919921875
      },
      "cost": {
        "mean": 2898.0,
        "std": 111.82754580156
      },
      "dropped": {
        "mean": 21.6,
        "std": 41.32844057062884
      },
      "queue_occ": {
        "mean": 0.036424,
        "std": 0.0027861099762931116
      }
    },
    "10.0": {
      "reward": {
        "mean": -2992.70263671875,
        "std": 116.61149597167969
      },
      "cost": {
        "mean": 2920.4,
        "std": 114.56107541394678
      },
      "dropped": {
        "mean": 0.0,
        "std": 0.0
      },
      "queue_occ": {
        "mean": 0.033747400000000004,
        "std": 0.006551238237157919
      }
    },
    "20.0": {
      "reward": {
        "mean": -3158.056640625,
        "std": 123.71084594726562
      },
      "cost": {
        "mean": 3112.6,
        "std": 120.6658195182049
      },
      "dropped": {
        "mean": 0.0,
        "std": 0.0
      },
      "queue_occ": {
        "mean": 0.0332282,
        "std": 0.003637621909984599
      }
    },
    "30.0": {
      "reward": {
        "mean": -3302.884765625,
        "std": 99.164794921875
      },
      "cost": {
        "mean": 3288.1,
        "std": 98.2430150188806
      },
      "dropped": {
        "mean": 0.0,
        "std": 0.0
      },
      "queue_occ": {
        "mean": 0.0197114,
        "std": 0.0034732664798428586
      }
    },
    "50.0": {
      "reward": {
        "mean": -3514.71142578125,
        "std": 127.03873443603516
      },
      "cost": {
        "mean": 3245.9,
        "std": 129.8348566448933
      },
      "dropped": {
        "mean": 0.0,
        "std": 0.0
      },
      "queue_occ": {
        "mean": 0.0313794,
        "std": 0.007365241831739131
      }
    }
  },
  "recurrent_ppo": {
    "5.0": {
      "reward": {
        "mean": -3462.77001953125,
        "std": 736.9686279296875
      },
      "cost": {
        "mean": 2913.5,
        "std": 88.76513955376852
      },
      "dropped": {
        "mean": 109.2,
        "std": 158.76762894242643
      },
      "queue_occ": {
        "mean": 0.0344214,
        "std": 0.006143912112001603
      }
    },
    "10.0": {
      "reward": {
        "mean": -3455.14453125,
        "std": 338.1982727050781
      },
      "cost": {
        "mean": 3339.6,
        "std": 96.32881188927848
      },
      "dropped": {
        "mean": 10.9,
        "std": 32.699999999999996
      },
      "queue_occ": {
        "mean": 0.022509599999999998,
        "std": 0.0065349273783264035
      }
    },
    "20.0": {
      "reward": {
        "mean": -4524.06591796875,
        "std": 114.0452651977539
      },
      "cost": {
        "mean": 4523.8,
        "std": 114.03315307400739
      },
      "dropped": {
        "mean": 0.0,
        "std": 0.0
      },
      "queue_occ": {
        "mean": 0.006378,
        "std": 0.003528698003513477
      }
    },
    "30.0": {
      "reward": {
        "mean": -4359.7158203125,
        "std": 97.10955810546875
      },
      "cost": {
        "mean": 4359.3,
        "std": 97.22967653962446
      },
      "dropped": {
        "mean": 0.0,
        "std": 0.0
      },
      "queue_occ": {
        "mean": 0.0098422,
        "std": 0.0032851188654293767
      }
    },
    "50.0": {
      "reward": {
        "mean": -5178.00927734375,
        "std": 386.6006164550781
      },
      "cost": {
        "mean": 5057.6,
        "std": 118.30655095978415
      },
      "dropped": {
        "mean": 2.4,
        "std": 7.200000000000001
      },
      "queue_occ": {
        "mean": 0.008271200000000001,
        "std": 0.002282755212457087
      }
    }
  },
  "a2c": {
    "5.0": {
      "reward": {
        "mean": -3049.067138671875,
        "std": 163.8360595703125
      },
      "cost": {
        "mean": 2939.2,
        "std": 131.6759659163357
      },
      "dropped": {
        "mean": 4.9,
        "std": 9.802550688468793
      },
      "queue_occ": {
        "mean": 0.04768699999999999,
        "std": 0.00851554011205396
      }
    },
    "10.0": {
      "reward": {
        "mean": -3207.79150390625,
        "std": 131.72186279296875
      },